Date,T_degC,PO4uM,SiO3uM,NO2uM,NO3uM,Salnty,O2ml_L
02/04/2018,21.920,0.000,1.000,0.000,0.000,33.842,5.090
02/05/2018,21.920,0.000,1.000,0.000,0.000,33.842,5.090
02/09/2018,17.210,0.000,0.000,0.000,0.000,33.754,5.840
11/12/2017,21.720,0.020,0.000,0.000,0.000,33.938,5.120
02/02/2018,21.890,0.020,1.000,0.000,0.000,33.837,5.090
02/03/2018,21.890,0.020,1.000,0.000,0.000,33.837,5.090
01/24/2015,18.250,0.040,2.000,0.000,0.000,33.452,5.950
11/20/2017,20.750,0.040,1.000,0.000,0.000,33.665,5.200
02/10/2018,16.670,0.040,0.300,0.000,0.000,33.753,5.830
02/08/2018,15.070,0.050,1.200,0.000,0.000,33.751,5.520
11/13/2017,21.740,0.070,1.000,0.000,0.000,33.931,5.120
11/16/2017,15.590,0.080,1.100,0.000,0.000,33.504,5.940
11/18/2017,20.750,0.090,1.000,0.000,0.000,33.626,5.220
11/19/2017,20.750,0.090,1.000,0.000,0.000,33.664,5.210
11/22/2017,17.190,0.090,1.000,0.000,0.000,33.492,5.940
02/01/2018,21.880,0.100,1.000,0.000,0.000,33.771,5.090
01/25/2015,18.430,0.110,1.000,0.000,0.000,33.464,5.830
11/09/2017,21.660,0.110,0.300,0.000,0.000,33.907,5.130
11/11/2017,19.250,0.110,1.000,0.000,0.000,33.803,5.620
04/21/2018,17.510,0.110,1.000,0.000,0.200,33.536,6.020
04/22/2018,17.200,0.110,1.000,0.000,0.200,33.510,6.050
11/17/2017,17.440,0.120,1.000,0.000,0.000,33.505,5.910
07/13/2016,19.750,0.130,1.000,0.000,0.000,33.532,5.350
08/07/2017,20.680,0.130,2.000,0.000,0.000,33.553,5.210
08/08/2017,20.250,0.130,2.000,0.000,0.000,33.492,5.330
08/09/2017,19.770,0.130,2.000,0.000,0.000,33.423,5.470
08/14/2017,20.920,0.130,6.000,0.060,0.000,33.683,5.000
06/10/2018,24.920,0.130,0.000,0.020,0.100,34.421,4.850
04/08/2019,25.410,0.130,0.000,0.000,0.000,34.595,4.740
04/10/2019,25.420,0.130,0.000,0.000,0.000,34.595,4.760
04/13/2019,25.420,0.130,0.000,0.000,0.000,34.595,4.760
04/14/2019,25.410,0.130,0.000,0.000,0.000,34.595,4.740
07/25/2019,17.490,0.130,0.000,0.000,0.000,33.736,5.840
11/07/2019,18.150,0.130,2.000,0.000,0.000,33.540,5.570
11/08/2019,18.180,0.130,1.700,0.010,0.000,33.540,5.550
04/01/2008,16.350,0.140,0.000,0.000,0.000,33.600,6.290
10/19/2012,18.990,0.140,0.000,0.000,0.100,33.660,5.150
10/20/2012,18.990,0.140,0.000,0.000,0.100,33.660,5.540
08/10/2017,20.680,0.140,2.000,0.000,0.000,33.553,5.210
08/13/2017,20.900,0.140,6.000,0.110,0.000,33.682,4.990
01/17/2015,20.220,0.150,1.000,0.000,0.000,33.654,5.340
01/18/2015,20.220,0.150,1.000,0.000,0.000,33.654,5.340
07/11/2015,20.160,0.150,1.000,0.020,0.000,33.552,5.560
07/12/2016,19.820,0.150,1.000,0.000,0.000,33.536,5.340
11/10/2016,19.390,0.150,2.000,0.010,0.000,33.412,5.430
01/14/2017,20.810,0.150,2.000,0.000,0.000,33.636,5.300
01/15/2017,20.810,0.150,2.000,0.000,0.000,33.636,5.300
04/01/2017,20.920,0.150,6.000,0.060,0.000,33.679,5.010
04/11/2018,22.660,0.150,1.000,0.000,0.000,34.198,5.040
06/12/2018,25.180,0.150,0.000,0.000,0.000,34.437,4.800
04/02/2019,24.080,0.150,1.000,0.000,0.000,33.979,4.870
04/03/2019,24.080,0.150,1.000,0.000,0.000,33.979,4.870
01/12/2000,17.180,0.160,3.000,0.000,0.000,33.612,5.890
02/03/2012,18.190,0.160,0.000,0.000,0.000,33.520,6.300
04/02/2012,19.610,0.160,0.000,0.000,0.100,33.660,5.810
10/23/2012,19.030,0.160,0.000,0.000,0.000,33.660,5.420
10/24/2012,19.030,0.160,0.000,0.000,0.000,33.660,5.420
11/11/2016,19.570,0.160,2.000,0.010,0.000,33.452,5.400
01/12/2017,20.810,0.160,2.000,0.000,0.000,33.633,5.300
08/06/2017,15.790,0.160,2.200,0.000,0.000,33.309,6.060
04/11/2018,22.740,0.160,1.000,0.000,0.000,34.201,5.040
11/09/2019,18.280,0.160,1.000,0.030,0.000,33.540,5.520
11/12/2019,18.280,0.160,1.000,0.030,0.000,33.540,5.520
01/29/2008,18.150,0.170,0.000,0.000,0.000,33.610,6.300
08/21/2008,17.840,0.170,2.000,0.000,0.000,33.560,6.520
08/22/2008,17.800,0.170,2.000,0.000,0.000,33.560,6.570
07/08/2015,20.160,0.170,1.000,0.010,0.000,33.560,5.520
07/09/2015,20.160,0.170,1.000,0.010,0.000,33.560,5.520
07/22/2015,16.720,0.170,6.000,0.000,0.000,33.434,6.430
11/03/2015,17.960,0.170,4.000,0.010,0.000,33.424,6.170
01/13/2016,19.500,0.170,1.000,0.000,0.000,33.410,5.370
01/15/2016,19.680,0.170,1.000,0.000,0.000,33.411,5.170
11/12/2016,19.580,0.170,2.000,0.010,0.000,33.494,5.410
11/13/2016,19.580,0.170,2.000,0.010,0.000,33.498,5.400
11/14/2016,19.580,0.170,2.000,0.010,0.000,33.498,5.400
11/21/2016,17.740,0.170,1.500,0.000,0.000,33.436,5.700
01/11/2017,20.820,0.170,2.000,0.000,0.000,33.632,5.310
01/13/2017,20.820,0.170,2.000,0.000,0.000,33.632,5.310
01/16/2017,20.820,0.170,2.000,0.000,0.000,33.640,5.270
01/17/2017,20.820,0.170,2.000,0.000,0.000,33.640,5.270
03/31/2017,20.920,0.170,6.000,0.050,0.000,33.680,5.000
08/05/2017,15.170,0.170,2.000,0.000,0.000,33.294,6.120
04/10/2018,22.330,0.170,1.000,0.000,0.000,33.973,5.120
04/10/2018,22.330,0.170,1.000,0.000,0.000,33.973,5.120
04/17/2018,23.950,0.170,1.000,0.000,0.000,34.252,4.930
04/18/2018,23.950,0.170,1.000,0.000,0.000,34.252,4.930
06/09/2018,25.180,0.170,0.000,0.000,0.000,34.437,4.800
06/19/2018,19.180,0.170,1.000,0.000,0.000,33.700,5.840
06/20/2018,22.590,0.170,2.000,0.000,0.000,33.728,5.040
06/21/2018,22.640,0.170,2.000,0.000,0.000,33.581,5.030
06/24/2018,21.270,0.170,1.500,0.000,0.000,33.705,5.390
04/03/2019,24.080,0.170,1.000,0.000,0.000,33.982,4.980
04/04/2019,22.910,0.170,1.000,0.000,0.000,33.908,5.200
04/04/2019,20.810,0.170,1.000,0.000,0.000,33.828,5.510
04/11/2019,23.950,0.170,0.900,0.000,0.000,34.434,5.080
11/05/2019,16.220,0.170,2.500,0.000,0.400,33.526,5.670
01/11/2000,17.550,0.180,3.000,0.000,0.000,33.616,5.830
01/09/2000,17.950,0.190,3.000,0.000,0.000,33.622,5.640
01/10/2000,17.910,0.190,3.000,0.000,0.000,33.621,5.660
01/24/2008,17.750,0.190,0.000,0.000,0.000,33.612,6.450
01/22/2015,15.600,0.190,3.800,0.040,0.700,33.423,5.910
07/12/2015,19.030,0.190,1.500,0.020,0.000,33.483,5.720
08/04/2017,13.700,0.190,6.800,0.040,0.400,33.320,5.910
11/15/2017,13.600,0.190,2.300,0.000,0.400,33.521,5.480
02/12/2006,18.330,0.200,1.100,0.000,0.000,34.021,5.620
01/30/2012,19.600,0.200,0.000,0.000,0.100,33.660,5.800
04/04/2014,19.170,0.200,2.000,0.000,0.000,33.630,5.680
04/19/2015,20.090,0.200,1.000,0.000,0.000,33.627,5.320
11/10/2015,18.650,0.200,3.000,0.010,0.000,33.459,5.970
01/12/2016,19.440,0.200,1.500,0.000,0.000,33.393,5.380
08/12/2017,20.680,0.200,2.000,0.000,0.200,33.557,5.230
08/16/2017,20.680,0.200,2.000,0.000,0.200,33.557,5.230
11/10/2017,21.510,0.200,1.000,0.000,0.000,33.873,5.160
04/08/2018,22.320,0.200,1.000,0.000,0.000,33.999,5.140
04/09/2018,22.320,0.200,1.000,0.000,0.000,33.996,5.140
04/20/2018,15.810,0.200,1.200,0.000,0.000,33.521,5.910
06/14/2018,21.090,0.200,1.000,0.000,0.000,33.641,5.410
06/14/2018,22.610,0.200,1.000,0.000,0.000,33.726,5.020
06/15/2018,23.000,0.200,2.000,0.000,0.000,33.727,5.010
06/18/2018,17.180,0.200,1.000,0.000,0.000,33.755,5.840
10/25/2018,25.420,0.200,0.000,0.030,0.000,34.552,4.780
10/26/2018,25.420,0.200,0.000,0.030,0.000,34.552,4.780
07/11/2019,18.290,0.200,2.000,0.000,0.000,33.493,5.930
07/12/2019,18.290,0.200,2.000,0.000,0.000,33.500,5.710
07/13/2019,18.290,0.200,2.000,0.000,0.000,33.490,6.020
07/02/2000,16.870,0.210,5.000,0.000,0.100,33.580,5.850
07/08/2000,16.800,0.210,3.000,0.000,0.000,33.560,5.760
04/18/2015,19.260,0.210,1.000,0.000,0.000,33.567,5.510
11/12/2015,17.010,0.210,4.600,0.010,0.000,33.396,6.070
04/08/2018,21.710,0.210,1.500,0.000,0.000,34.014,5.230
04/16/2018,23.690,0.210,1.000,0.000,0.000,34.239,5.010
04/19/2018,10.820,0.210,16.000,0.000,1.900,33.581,3.610
01/14/2008,18.820,0.220,1.000,0.000,0.000,33.686,5.650
01/19/2008,16.920,0.220,0.500,0.000,0.000,33.608,6.490
04/06/2008,15.780,0.220,0.000,0.000,0.000,33.610,6.520
04/08/2008,15.660,0.220,0.000,0.000,0.000,33.590,6.500
08/16/2008,18.560,0.220,1.000,0.000,0.000,33.620,6.010
08/17/2008,18.070,0.220,2.000,0.000,0.000,33.590,6.000
10/17/2008,19.190,0.220,2.000,0.000,0.000,33.580,5.680
10/30/2008,19.010,0.220,0.000,0.000,0.000,33.570,5.950
01/11/2009,17.710,0.220,1.000,0.000,0.000,33.620,5.910
01/17/2009,18.220,0.220,2.000,0.000,0.100,33.620,6.060
07/19/2009,16.600,0.220,2.000,0.000,0.000,33.500,6.050
07/26/2009,16.300,0.220,2.000,0.000,0.000,33.120,5.880
02/02/2015,20.370,0.220,0.000,0.000,0.000,33.685,5.500
04/08/2015,20.830,0.220,1.000,0.010,0.000,33.660,5.300
04/09/2015,20.830,0.220,1.000,0.010,0.000,33.661,5.300
04/10/2015,20.830,0.220,1.000,0.000,0.000,33.668,5.330
04/12/2015,20.830,0.220,1.000,0.000,0.000,33.668,5.330
01/11/2016,19.380,0.220,2.000,0.000,0.000,33.387,5.390
04/08/2018,21.030,0.220,2.000,0.000,0.000,34.038,5.340
04/12/2018,23.270,0.220,1.000,0.000,0.000,34.221,5.020
04/15/2018,23.310,0.220,1.000,0.000,0.000,34.223,5.020
04/16/2018,23.650,0.220,1.000,0.000,0.000,34.237,5.020
06/11/2018,23.320,0.220,0.500,0.010,0.100,34.371,4.900
10/21/2012,17.200,0.230,1.100,0.000,0.100,33.648,5.640
01/16/2013,18.490,0.230,0.000,0.000,0.000,33.590,5.360
01/17/2013,18.490,0.230,0.100,0.000,0.000,33.589,5.390
01/18/2013,18.480,0.230,1.000,0.000,0.000,33.580,5.610
01/19/2013,18.480,0.230,1.000,0.000,0.000,33.580,5.610
01/31/2014,21.190,0.230,0.000,0.000,0.000,33.780,5.500
04/13/2014,21.150,0.230,0.000,0.000,0.000,33.780,5.520
04/15/2014,21.150,0.230,0.000,0.000,0.000,33.780,5.520
04/16/2014,21.190,0.230,0.000,0.000,0.000,33.780,5.500
07/20/2014,17.730,0.230,2.500,0.010,0.000,33.572,6.030
04/17/2015,17.470,0.230,1.100,0.000,0.000,33.515,5.820
01/21/2016,18.530,0.230,1.500,0.030,0.000,33.447,5.540
04/08/2019,21.340,0.230,1.900,0.000,0.000,34.249,5.450
01/13/2000,16.570,0.240,4.000,0.000,0.000,33.610,5.890
07/10/2001,17.070,0.240,3.000,0.000,0.000,33.650,5.800
07/12/2015,17.350,0.240,2.000,0.010,0.000,33.426,5.900
10/30/2015,19.310,0.240,2.000,0.020,0.000,33.456,5.240
11/08/2015,17.100,0.240,2.000,0.010,0.000,33.427,5.930
01/07/2016,14.700,0.240,1.900,0.000,0.000,33.358,5.910
01/22/2016,19.300,0.240,2.000,0.030,0.000,33.460,5.380
01/23/2016,19.300,0.240,2.000,0.030,0.000,33.460,5.360
01/24/2016,19.310,0.240,2.000,0.020,0.000,33.456,5.240
04/03/2016,14.860,0.240,1.000,0.010,0.000,33.192,6.130
04/04/2016,18.500,0.240,1.000,0.000,0.000,33.352,5.500
07/20/2016,17.440,0.240,4.000,0.000,0.000,33.414,5.920
07/26/2016,14.770,0.240,1.000,0.010,0.000,33.193,6.120
11/20/2016,14.090,0.240,2.000,0.000,0.000,33.174,6.090
04/09/2017,19.910,0.240,5.000,0.020,0.000,33.631,5.380
04/13/2017,15.810,0.240,1.000,0.000,0.000,33.636,6.220
04/15/2017,20.390,0.240,2.000,0.000,0.000,33.535,5.450
04/16/2017,18.700,0.240,1.000,0.000,0.000,33.437,5.690
04/17/2017,19.800,0.240,1.700,0.000,0.000,33.489,5.530
04/18/2017,20.390,0.240,1.900,0.000,0.000,33.537,5.450
02/10/2019,25.260,0.240,1.000,0.080,0.000,34.403,4.800
07/14/2019,17.480,0.240,2.300,0.000,0.000,33.473,6.070
07/23/2019,18.820,0.240,1.000,0.000,0.000,33.530,5.480
01/23/2008,15.770,0.250,1.000,0.000,0.000,33.604,6.530
10/19/2008,16.670,0.250,1.000,0.000,0.000,33.500,6.360
10/25/2008,19.180,0.250,1.000,0.000,0.000,33.640,5.440
01/23/2009,17.500,0.250,1.000,0.000,0.000,33.560,5.870
07/20/2009,18.570,0.250,2.000,0.000,0.000,33.550,5.620
07/20/2009,18.690,0.250,2.000,0.000,0.100,33.540,5.550
07/22/2009,16.050,0.250,2.000,0.000,0.000,33.090,5.840
07/23/2009,18.690,0.250,2.000,0.000,0.000,33.540,5.510
07/26/2009,16.370,0.250,2.000,0.000,0.000,33.130,5.990
07/28/2009,16.370,0.250,2.000,0.000,0.000,33.130,6.010
10/29/2012,20.300,0.250,0.000,0.010,0.100,33.590,5.670
10/30/2012,20.310,0.250,0.000,0.010,0.100,33.594,5.660
10/31/2012,20.350,0.250,0.000,0.000,0.100,33.620,5.620
11/02/2012,20.350,0.250,0.000,0.000,0.100,33.620,5.620
04/02/2016,18.140,0.250,1.000,0.000,0.000,33.311,5.540
04/13/2018,19.620,0.250,2.000,0.380,0.600,34.102,4.820
10/29/2018,25.410,0.250,0.000,0.030,0.000,34.545,4.780
02/09/2019,24.940,0.250,1.000,0.080,0.000,34.310,4.860
02/11/2019,25.270,0.250,1.100,0.080,0.000,34.403,4.800
07/24/2019,15.010,0.250,1.900,0.000,0.300,33.745,5.520
07/18/2014,16.230,0.260,3.000,0.030,0.000,33.540,6.200
01/19/2016,15.480,0.260,1.000,0.040,0.000,33.445,5.950
01/20/2016,15.630,0.260,1.000,0.040,0.000,33.444,5.970
04/01/2016,17.360,0.260,1.000,0.000,0.000,33.267,5.670
04/05/2016,18.500,0.260,1.000,0.000,0.000,33.346,5.500
04/19/2017,20.400,0.260,1.000,0.000,0.000,33.553,5.430
04/20/2017,20.400,0.260,1.000,0.000,0.000,33.553,5.430
04/14/2018,19.460,0.260,2.000,0.400,0.600,34.100,4.810
10/24/2018,25.410,0.260,0.000,0.030,0.000,34.544,4.780
02/12/2019,24.590,0.260,1.000,0.080,0.000,34.212,4.920
10/16/2000,16.990,0.270,3.000,0.000,0.300,33.480,5.740
10/21/2000,17.350,0.270,3.000,0.000,0.300,33.440,5.780
10/23/2000,16.730,0.270,3.000,0.000,0.300,33.410,5.810
01/13/2001,16.820,0.270,2.000,0.000,0.000,33.720,5.820
01/16/2001,16.540,0.270,2.000,0.000,0.000,33.530,5.760
01/21/2001,16.540,0.270,2.000,0.000,0.000,33.490,5.750
01/22/2001,16.540,0.270,2.000,0.000,0.000,33.490,5.840
04/12/2001,16.930,0.270,3.000,0.000,1.500,33.450,5.720
08/05/2011,18.380,0.270,0.000,0.000,0.000,33.630,2.880
04/04/2015,18.000,0.270,1.000,0.010,0.000,33.642,5.960
11/07/2016,15.060,0.270,3.000,0.100,0.000,33.373,5.930
02/05/2006,12.890,0.280,1.000,0.000,0.000,33.573,7.580
02/06/2006,12.870,0.280,1.000,0.000,0.000,33.579,7.600
07/10/2006,12.350,0.280,2.100,0.010,0.000,32.931,6.470
07/07/2007,15.920,0.280,2.000,0.000,0.000,32.841,5.860
07/08/2007,16.680,0.280,2.000,0.000,0.000,32.847,5.870
11/04/2007,12.490,0.280,3.000,0.000,0.000,33.163,5.740
11/07/2007,15.970,0.280,2.000,0.000,0.000,33.075,5.610
11/08/2007,15.970,0.280,2.000,0.000,0.000,33.075,5.610
11/15/2007,13.530,0.280,2.100,0.000,0.000,33.151,6.180
08/27/2008,15.750,0.280,2.000,0.000,0.000,33.120,5.950
10/24/2008,17.600,0.280,1.000,0.000,0.000,33.620,6.000
01/22/2009,12.780,0.280,2.000,0.000,0.000,33.460,6.220
03/08/2009,15.680,0.280,2.000,0.000,0.000,33.110,5.710
03/16/2009,15.180,0.280,2.000,0.000,0.000,33.150,6.120
03/17/2009,14.650,0.280,2.000,0.000,0.000,33.160,6.120
07/15/2009,17.680,0.280,0.000,0.000,0.000,33.600,5.520
07/30/2009,15.350,0.280,2.000,0.000,0.000,33.120,6.080
07/31/2009,16.590,0.280,2.000,0.000,0.000,33.140,5.770
08/01/2009,16.580,0.280,2.000,0.000,0.000,33.140,5.760
08/02/2009,16.590,0.280,2.000,0.000,0.000,33.140,5.800
11/08/2009,17.460,0.280,3.000,0.010,0.200,33.660,5.740
11/15/2009,17.680,0.280,3.000,0.010,0.200,33.660,5.810
11/18/2009,19.890,0.280,2.000,0.000,0.000,33.660,5.530
11/19/2009,17.220,0.280,2.000,0.000,0.000,33.640,5.520
02/01/2015,17.710,0.280,0.500,0.000,0.000,33.676,5.930
04/10/2016,15.570,0.280,1.000,0.000,0.000,33.300,5.950
07/17/2016,16.220,0.280,5.000,0.010,0.000,33.426,6.050
07/25/2016,13.100,0.280,1.900,0.010,0.000,33.233,5.920
11/06/2016,14.810,0.280,3.000,0.100,0.000,33.374,5.950
04/08/2017,17.500,0.280,3.600,0.010,0.000,33.568,5.690
04/11/2017,21.130,0.280,5.000,0.030,0.000,33.717,5.230
10/23/2018,24.610,0.280,0.200,0.030,0.000,34.441,5.030
11/04/2019,13.560,0.280,3.700,0.010,0.900,33.511,5.790
01/19/2000,17.730,0.290,5.000,0.000,0.100,33.630,5.740
01/20/2000,17.050,0.290,4.000,0.000,0.100,33.630,5.770
04/08/2000,16.540,0.290,3.000,0.000,0.300,33.530,5.810
04/09/2000,16.540,0.290,3.000,0.000,0.300,33.530,6.190
01/11/2001,17.560,0.290,2.000,0.000,0.000,33.520,5.770
01/12/2001,17.060,0.290,2.000,0.000,0.000,33.670,5.770
04/12/2001,16.930,0.290,2.000,0.000,1.800,33.440,5.790
11/06/2007,15.960,0.290,2.000,0.000,0.000,33.082,5.630
08/04/2011,18.650,0.290,0.000,0.010,0.000,33.630,5.970
10/28/2011,18.390,0.290,0.000,0.000,0.100,33.610,6.280
11/05/2012,18.070,0.290,1.400,0.020,0.400,33.574,6.190
04/14/2014,18.770,0.290,0.900,0.000,0.000,33.743,6.100
01/14/2000,15.430,0.300,4.400,0.020,0.200,33.619,5.670
02/04/2006,13.100,0.300,1.000,0.000,0.000,33.521,7.420
02/04/2006,13.100,0.300,1.000,0.000,0.000,33.521,7.420
07/08/2006,15.850,0.300,2.000,0.010,0.000,32.835,6.370
07/09/2006,15.840,0.300,2.000,0.010,0.000,32.872,5.780
07/12/2006,15.850,0.300,2.000,0.010,0.000,32.811,6.300
07/13/2006,15.850,0.300,2.000,0.010,0.100,32.811,6.300
07/14/2006,15.860,0.300,2.000,0.000,0.600,32.813,6.290
07/17/2006,15.860,0.300,2.000,0.000,0.600,32.813,6.290
10/24/2006,14.450,0.300,4.000,0.000,3.100,33.416,6.400
04/14/2007,15.960,0.300,2.000,0.000,0.000,32.865,5.860
06/30/2007,16.120,0.300,2.000,0.000,0.000,33.108,5.780
07/01/2007,16.120,0.300,2.000,0.000,0.000,33.108,5.780
11/09/2007,15.960,0.300,2.000,0.000,0.000,33.072,5.640
11/11/2007,15.960,0.300,2.000,0.000,0.000,33.072,5.640
11/17/2007,15.580,0.300,2.000,0.000,0.000,33.107,5.850
11/18/2007,15.850,0.300,2.000,0.000,0.000,33.107,5.820
01/13/2008,14.160,0.300,2.000,0.000,0.000,33.634,6.660
08/26/2008,16.350,0.300,2.000,0.000,0.000,33.130,5.770
01/18/2009,19.460,0.300,0.000,0.000,0.000,33.610,5.790
03/09/2009,14.890,0.300,2.000,0.000,0.000,33.180,5.840
03/11/2009,16.250,0.300,2.000,0.000,0.000,33.150,5.700
03/21/2009,15.430,0.300,0.000,0.010,0.400,33.620,6.260
03/22/2009,15.660,0.300,1.000,0.000,0.000,33.530,6.160
07/17/2009,17.420,0.300,2.000,0.000,0.100,33.350,5.700
07/21/2009,16.820,0.300,2.000,0.000,0.000,33.130,5.700
07/24/2009,16.850,0.300,2.000,0.000,0.000,33.130,5.700
07/18/2016,15.390,0.300,4.500,0.090,0.100,33.395,5.930
06/16/2018,14.820,0.300,2.600,0.000,0.100,33.762,5.470
07/05/2007,15.760,0.310,1.500,0.000,0.000,32.841,5.930
10/30/2011,18.390,0.310,0.000,0.000,0.100,33.609,6.280
11/11/2015,15.780,0.310,5.000,0.020,0.000,33.384,5.980
07/19/2016,14.700,0.310,4.000,0.160,0.200,33.348,5.770
10/16/2018,25.330,0.310,2.000,0.090,0.000,34.403,4.790
10/17/2018,25.330,0.310,2.000,0.090,0.000,34.403,4.790
07/26/2019,18.680,0.310,1.000,0.000,0.000,33.530,5.300
11/18/2019,16.030,0.310,2.900,0.000,0.000,33.456,6.130
04/14/2000,16.210,0.320,6.000,0.000,0.300,33.670,5.970
07/09/2000,16.760,0.320,3.000,0.000,0.000,33.560,5.760
07/10/2000,14.110,0.320,6.000,0.000,0.000,33.440,6.030
10/12/2000,16.090,0.320,4.000,0.000,0.600,33.620,6.000
10/17/2000,16.980,0.320,3.000,0.000,0.300,33.490,5.750
10/18/2000,15.400,0.320,3.000,0.000,0.300,33.460,5.960
10/24/2000,14.070,0.320,4.000,0.000,0.600,33.380,6.460
01/17/2001,16.520,0.320,2.000,0.000,0.200,33.530,5.820
01/18/2001,15.540,0.320,2.000,0.000,0.000,33.490,5.980
04/10/2001,14.800,0.320,3.000,0.000,0.000,33.310,5.780
04/13/2001,15.910,0.320,3.000,0.000,0.800,33.460,5.940
04/17/2001,16.950,0.320,3.000,0.000,0.000,33.270,5.720
04/18/2001,15.890,0.320,3.000,0.000,0.000,33.230,5.920
07/11/2001,16.780,0.320,3.000,0.000,0.000,33.680,5.780
11/03/2007,15.160,0.320,2.100,0.000,0.000,33.118,5.730
03/25/2012,16.390,0.320,2.000,0.000,0.000,33.540,4.890
03/28/2012,16.390,0.320,2.000,0.000,0.000,33.540,4.890
07/14/2012,16.010,0.320,2.000,0.000,0.000,33.460,6.830
04/09/2014,19.380,0.320,0.000,0.000,0.000,33.630,5.510
04/17/2014,19.380,0.320,0.000,0.000,0.000,33.630,5.510
04/07/2017,15.210,0.320,3.200,0.010,0.000,33.544,5.750
04/14/2017,15.100,0.320,1.900,0.000,0.000,33.860,6.080
10/21/2018,22.950,0.320,0.900,0.030,0.000,34.329,5.210
04/18/2005,22.000,0.330,3.000,0.010,0.000,34.068,5.640
07/11/2006,10.840,0.330,2.900,0.020,0.000,33.005,6.160
07/06/2007,15.610,0.330,1.000,0.000,0.000,32.841,6.010
11/05/2007,15.590,0.330,2.000,0.000,0.000,33.111,5.730
01/10/2009,15.660,0.330,1.000,0.000,0.000,33.520,6.130
03/16/2009,15.200,0.330,2.000,0.000,0.000,33.150,5.330
03/17/2009,13.910,0.330,2.000,0.020,0.300,33.240,6.060
07/18/2009,14.090,0.330,4.000,0.000,1.900,33.920,5.440
11/12/2009,17.440,0.330,3.000,0.020,0.300,33.620,5.790
11/17/2009,11.950,0.330,2.000,0.000,0.000,33.290,5.900
01/15/2013,17.130,0.330,0.600,0.040,0.900,33.592,5.340
07/10/2014,20.410,0.330,1.000,0.000,0.000,33.557,5.760
11/11/2014,20.890,0.330,1.000,0.000,0.000,33.666,5.320
04/07/2016,13.260,0.330,1.800,0.000,0.000,33.323,5.890
04/11/2016,17.810,0.330,1.000,0.000,0.000,33.287,5.600
04/14/2016,19.870,0.330,2.000,0.000,0.000,33.459,5.320
04/16/2016,19.870,0.330,2.000,0.000,0.000,33.459,5.320
08/13/2017,19.700,0.330,6.000,1.020,1.000,33.625,4.680
04/19/2018,11.590,0.330,13.500,0.000,0.000,33.557,4.350
06/13/2018,14.040,0.330,3.300,0.000,0.000,33.479,5.610
01/17/2011,16.120,0.340,0.000,0.000,0.100,33.640,5.840
07/15/2012,16.270,0.340,2.000,0.000,0.000,33.460,6.820
04/08/2014,19.410,0.340,0.000,0.000,0.000,33.630,5.490
04/10/2014,19.410,0.340,0.000,0.000,0.000,33.630,5.490
04/08/2016,19.050,0.340,1.500,0.000,0.000,33.384,5.430
08/15/2017,19.520,0.340,6.000,0.980,1.200,33.618,4.680
04/20/2018,13.200,0.340,4.500,0.000,0.000,33.537,5.330
07/03/2000,16.850,0.350,5.000,0.000,0.000,33.570,5.850
07/04/2000,13.080,0.350,5.000,0.000,0.000,33.490,6.200
07/13/2000,16.310,0.350,4.000,0.000,0.700,33.570,6.000
01/10/2001,17.640,0.350,3.000,0.000,0.000,33.320,5.690
01/23/2001,16.440,0.350,2.000,0.000,0.000,33.460,5.780
04/06/2001,14.750,0.350,3.000,0.000,0.000,33.330,6.070
04/09/2001,16.570,0.350,3.000,0.000,0.000,33.420,5.760
04/11/2001,16.930,0.350,3.000,0.000,1.100,33.440,5.740
04/16/2001,17.030,0.350,3.000,0.000,0.000,33.270,5.730
04/19/2001,14.630,0.350,3.000,0.000,0.000,33.170,6.080
01/11/2005,20.530,0.350,2.000,0.000,0.000,33.689,5.370
01/12/2005,20.530,0.350,2.000,0.000,0.000,33.686,5.390
07/04/2007,12.210,0.350,1.900,0.000,0.000,32.944,6.460
08/02/2011,17.560,0.350,0.700,0.010,0.200,33.630,3.700
04/07/2014,18.280,0.350,0.300,0.000,0.000,33.612,5.740
11/07/2015,13.030,0.350,2.400,0.050,0.500,33.445,6.120
04/12/2016,19.850,0.350,2.000,0.000,0.000,33.458,5.330
04/15/2016,19.850,0.350,2.000,0.000,0.000,33.458,5.330
06/11/2018,21.350,0.350,1.000,0.000,0.000,34.342,4.960
06/13/2018,16.110,0.350,2.000,0.000,0.000,33.446,6.040
04/15/2007,15.330,0.360,2.000,0.000,0.000,32.875,5.970
03/26/2008,15.060,0.360,1.000,0.000,0.000,33.580,6.590
01/12/2009,18.280,0.360,1.000,0.000,0.000,33.660,5.820
03/14/2009,13.730,0.360,2.000,0.020,0.400,33.210,6.130
03/17/2009,14.870,0.360,1.000,0.020,0.200,33.270,6.160
03/18/2009,14.900,0.360,1.000,0.020,0.100,33.270,6.140
01/17/2011,16.110,0.360,0.000,0.000,0.100,33.640,5.600
01/18/2016,13.780,0.360,2.800,0.050,0.000,33.465,5.750
04/23/2001,17.250,0.370,3.000,0.000,0.000,33.260,5.710
07/12/2005,18.950,0.370,4.700,0.010,0.000,33.750,5.770
07/13/2005,21.710,0.370,8.000,0.010,0.000,33.968,5.400
01/26/2008,12.190,0.370,4.700,0.120,1.100,33.212,5.520
11/18/2014,19.260,0.370,1.000,0.000,0.000,33.515,5.750
11/19/2014,19.260,0.370,1.000,0.000,0.000,33.515,5.750
07/23/2015,13.680,0.370,6.000,0.020,0.000,33.395,5.920
02/06/2018,12.290,0.370,6.200,0.000,4.300,33.754,4.650
01/10/2005,19.040,0.380,2.000,0.000,0.000,33.622,5.680
11/16/2007,12.490,0.380,3.800,0.010,0.200,33.211,5.960
01/27/2011,15.270,0.380,0.000,0.000,0.000,33.640,6.860
01/28/2011,15.270,0.380,0.000,0.000,0.000,33.640,6.860
10/27/2011,17.940,0.380,1.400,0.000,0.300,33.589,6.070
02/04/2012,15.440,0.380,3.000,0.000,0.000,33.470,6.130
10/23/2006,15.600,0.390,3.000,0.000,1.400,33.390,6.290
11/04/2006,14.390,0.390,3.700,0.000,1.500,33.267,6.310
11/05/2006,13.960,0.390,4.000,0.000,1.500,33.264,6.320
04/11/2007,14.720,0.390,1.300,0.000,0.200,32.986,6.240
07/16/2009,15.850,0.390,3.000,0.000,0.000,33.600,6.080
11/07/2009,17.900,0.390,3.000,0.000,0.300,33.710,5.850
07/09/2014,15.310,0.390,2.000,0.000,0.000,33.451,7.100
10/28/2018,20.170,0.390,3.400,0.000,0.000,34.336,4.450
07/21/2019,16.700,0.390,1.400,0.080,0.200,33.506,5.340
01/15/2000,14.770,0.400,6.000,0.050,0.700,33.627,5.430
01/21/2000,13.380,0.400,7.000,0.050,1.800,33.570,5.890
01/07/2001,14.150,0.400,3.000,0.000,0.000,33.150,6.160
04/22/2001,17.540,0.400,3.000,0.000,0.000,33.270,5.700
07/04/2002,17.070,0.400,2.000,0.010,0.000,33.453,5.710
11/01/2003,19.310,0.400,5.000,0.000,0.000,33.666,5.690
11/07/2004,16.040,0.400,1.000,0.000,0.000,33.407,6.020
02/13/2006,18.900,0.400,1.000,0.000,0.000,33.992,5.570
02/17/2006,20.750,0.400,1.000,0.000,0.000,33.801,5.310
01/27/2011,14.850,0.400,0.000,0.000,0.000,33.640,6.610
04/03/2012,16.150,0.400,1.400,0.030,2.700,33.642,5.710
04/15/2013,15.260,0.400,1.000,0.000,0.000,33.382,5.840
07/08/2013,17.490,0.400,1.000,0.000,0.000,33.230,5.600
07/09/2013,17.490,0.400,1.000,0.000,0.000,33.230,5.600
11/22/2013,17.140,0.400,1.000,0.000,0.000,33.230,5.610
11/23/2013,17.190,0.400,1.000,0.000,0.000,33.230,5.610
07/11/2005,17.210,0.410,2.700,0.010,0.000,33.576,5.850
02/14/2006,19.600,0.410,1.600,0.000,0.000,33.871,5.460
01/27/2007,15.440,0.410,1.000,0.010,0.900,33.228,6.070
04/07/2007,13.690,0.410,1.100,0.000,0.700,33.058,6.400
04/10/2007,13.860,0.410,1.000,0.000,0.600,33.061,6.410
04/09/2013,12.800,0.410,3.100,0.040,0.300,33.396,5.940
04/10/2013,15.500,0.410,1.000,0.000,0.000,33.383,5.830
11/20/2013,17.080,0.410,1.000,0.000,0.000,33.223,5.620
04/06/2014,16.570,0.410,0.900,0.000,0.000,33.595,5.980
01/23/2015,12.700,0.410,6.000,0.100,1.400,33.393,5.880
02/07/2018,10.860,0.410,11.400,0.000,6.000,33.761,3.950
04/07/2019,17.000,0.410,4.000,0.010,0.000,33.986,4.910
01/31/2002,16.190,0.420,5.000,0.010,0.000,33.590,6.670
02/07/2003,17.890,0.420,2.000,0.000,0.000,33.580,5.630
01/17/2004,19.600,0.420,6.000,0.040,0.000,33.501,5.660
01/18/2004,19.610,0.420,6.000,0.000,0.000,33.704,5.650
07/19/2004,18.080,0.420,1.000,0.000,0.000,33.524,5.790
07/20/2004,16.440,0.420,1.000,0.000,0.000,33.500,6.090
07/21/2004,16.350,0.420,1.000,0.000,0.000,33.509,6.090
07/22/2004,19.090,0.420,2.000,0.000,0.000,33.560,5.640
07/23/2004,19.090,0.420,2.000,0.000,0.000,33.560,5.650
07/28/2004,18.720,0.420,1.500,0.000,0.000,33.542,5.690
01/07/2005,20.380,0.420,2.000,0.000,0.000,33.684,5.330
11/13/2005,22.220,0.420,3.000,0.000,0.000,33.839,5.120
02/10/2006,17.160,0.420,2.000,0.000,0.000,33.855,5.530
02/11/2006,18.610,0.420,1.000,0.000,0.000,34.114,5.580
02/15/2006,20.330,0.420,2.000,0.000,0.000,33.785,5.340
07/30/2010,16.580,0.420,1.000,0.000,0.000,33.110,5.770
07/31/2010,16.580,0.420,1.000,0.000,0.000,33.110,5.770
08/01/2010,16.510,0.420,1.000,0.020,0.200,33.111,5.690
08/08/2010,16.730,0.420,1.000,0.010,0.000,33.110,5.700
08/09/2010,16.730,0.420,1.000,0.010,0.000,33.110,5.700
08/14/2010,12.120,0.420,2.100,0.000,0.000,33.034,6.280
04/16/2013,15.790,0.420,1.000,0.000,0.000,33.400,5.830
04/17/2013,15.790,0.420,1.000,0.000,0.000,33.400,5.830
04/18/2013,15.750,0.420,1.000,0.000,0.000,33.389,5.810
04/19/2013,15.770,0.420,1.000,0.000,0.000,33.390,5.810
11/21/2013,14.560,0.420,1.700,0.000,0.000,33.220,6.070
11/24/2013,17.010,0.420,1.000,0.000,0.000,33.219,5.630
04/15/2015,12.700,0.420,4.100,0.030,1.300,33.441,6.070
04/12/2017,13.740,0.420,3.300,0.100,0.800,34.055,5.730
08/01/2017,12.160,0.420,5.600,0.120,5.400,33.356,5.300
04/07/2019,16.880,0.420,4.300,0.010,0.100,33.986,4.820
04/15/2000,16.210,0.430,6.000,0.000,0.300,33.670,6.020
11/17/2014,15.160,0.430,0.100,0.000,0.000,33.372,6.270
01/08/2016,13.030,0.430,3.900,0.060,1.600,33.354,5.500
11/19/2016,12.370,0.430,4.500,0.140,1.900,33.229,5.680
07/20/2003,14.840,0.440,2.000,0.000,0.000,33.350,6.420
03/27/2004,15.760,0.440,2.000,0.000,0.000,33.485,6.020
04/04/2004,19.810,0.440,2.000,0.000,0.000,33.630,5.470
04/05/2004,19.810,0.440,2.000,0.000,0.000,33.630,5.390
04/06/2004,19.090,0.440,2.500,0.000,0.000,33.577,5.460
07/15/2004,15.930,0.440,1.000,0.000,0.000,33.520,6.050
07/16/2004,19.610,0.440,2.000,0.000,0.000,33.520,5.420
11/10/2004,19.550,0.440,1.000,0.000,0.000,33.564,5.440
11/11/2004,19.510,0.440,1.000,0.000,0.000,33.559,5.450
11/12/2004,19.590,0.440,2.000,0.000,0.000,33.564,5.410
11/18/2004,15.810,0.440,1.100,0.000,0.000,33.522,6.040
04/19/2005,17.350,0.440,2.000,0.000,0.000,33.682,5.510
04/20/2005,17.240,0.440,2.000,0.000,0.000,33.676,5.590
04/30/2005,20.380,0.440,2.000,0.000,0.000,33.689,5.340
07/10/2005,16.090,0.440,2.000,0.010,0.000,33.457,5.930
07/17/2005,15.940,0.440,2.100,0.010,0.000,33.477,5.920
11/02/2006,15.740,0.440,3.000,0.000,1.300,33.283,6.200
11/03/2006,15.740,0.440,3.000,0.000,1.300,33.283,6.200
01/24/2007,15.080,0.440,1.000,0.020,1.500,33.275,6.420
04/06/2007,10.670,0.440,4.000,0.210,1.600,32.894,6.110
04/08/2007,12.160,0.440,2.000,0.000,1.500,33.009,6.270
04/09/2007,10.770,0.440,3.700,0.190,1.600,32.898,6.130
08/19/2008,16.240,0.440,3.000,0.000,0.800,33.590,6.130
08/03/2010,16.630,0.440,1.000,0.000,0.000,33.110,5.720
11/23/2014,14.550,0.440,0.000,0.000,0.000,33.367,6.340
11/24/2017,12.060,0.440,6.300,0.000,5.000,33.542,4.840
10/27/2018,18.390,0.440,7.000,0.000,0.100,34.326,3.680
04/16/2000,13.620,0.450,12.000,0.110,4.000,33.540,6.020
10/28/2000,17.590,0.450,3.000,0.000,0.000,33.350,5.750
10/30/2000,15.950,0.450,2.000,0.000,0.000,33.430,5.930
07/28/2003,18.160,0.450,2.000,0.000,0.000,33.608,5.680
07/29/2003,17.130,0.450,2.000,0.000,0.000,33.579,5.810
04/21/2005,19.030,0.450,2.000,0.000,0.000,33.600,5.490
04/29/2005,18.950,0.450,2.000,0.000,0.000,33.668,5.770
08/04/2010,16.670,0.450,1.000,0.000,0.000,33.110,5.670
08/05/2010,16.680,0.450,1.000,0.000,0.000,33.110,5.670
01/14/2013,15.470,0.450,2.100,0.090,2.300,33.598,5.290
07/13/2013,15.880,0.450,1.000,0.000,0.000,33.240,6.010
07/14/2013,15.890,0.450,1.000,0.000,0.000,33.236,6.010
07/15/2013,16.080,0.450,1.000,0.000,0.000,33.198,5.970
07/16/2013,16.420,0.450,1.100,0.000,0.000,33.168,5.910
07/17/2013,16.350,0.450,1.000,0.000,0.000,33.170,5.920
07/18/2013,16.890,0.450,2.000,0.000,0.000,33.160,5.860
07/19/2013,16.890,0.450,2.000,0.000,0.000,33.160,5.860
04/17/2019,13.560,0.450,11.800,0.110,1.700,34.119,3.370
03/26/2004,17.380,0.460,2.900,0.000,0.000,33.534,5.850
07/14/2004,18.320,0.460,1.000,0.000,0.000,33.508,5.940
11/09/2004,18.960,0.460,1.400,0.000,0.000,33.511,5.540
07/22/2016,11.830,0.460,4.600,0.060,2.300,33.277,5.590
02/07/2019,17.440,0.460,6.000,0.100,0.000,34.133,4.280
02/08/2019,17.170,0.460,6.100,0.100,0.000,34.132,4.270
02/01/2002,14.730,0.470,3.000,0.000,0.000,33.480,6.790
02/08/2002,18.250,0.470,1.000,0.000,0.000,33.610,5.720
02/09/2002,18.260,0.470,2.000,0.000,0.000,33.610,5.790
04/08/2002,17.790,0.470,2.000,0.000,0.000,33.628,5.740
02/08/2003,17.730,0.470,2.000,0.000,0.000,33.580,5.720
02/09/2003,17.600,0.470,2.000,0.000,0.000,33.582,5.760
04/06/2003,18.960,0.470,1.000,0.000,0.000,33.630,5.480
04/10/2003,16.840,0.470,2.000,0.000,0.000,33.601,5.780
04/19/2003,13.900,0.470,2.000,0.000,0.000,33.170,6.420
07/17/2003,17.900,0.470,2.000,0.000,0.000,33.490,5.700
07/18/2003,17.900,0.470,2.000,0.000,0.000,33.490,5.690
07/25/2003,18.990,0.470,2.000,0.000,0.000,33.660,5.540
07/26/2003,18.720,0.470,2.000,0.000,0.000,33.650,5.570
07/27/2003,18.690,0.470,2.000,0.000,0.000,33.646,5.580
10/26/2003,18.780,0.470,2.000,0.000,0.000,33.469,5.510
10/27/2003,18.220,0.470,1.000,0.000,0.000,33.468,5.620
10/28/2003,18.010,0.470,1.400,0.000,0.000,33.452,5.620
10/29/2003,15.940,0.470,1.000,0.000,0.000,33.402,5.830
10/30/2003,14.770,0.470,1.000,0.000,0.000,33.420,5.920
04/07/2004,15.100,0.470,2.000,0.000,0.000,33.450,6.120
11/08/2004,18.100,0.470,2.000,0.000,0.000,33.469,5.690
04/22/2005,19.430,0.470,2.000,0.000,0.000,33.588,4.970
04/25/2005,19.440,0.470,2.000,0.000,0.000,33.583,5.270
07/01/2005,22.610,0.470,2.000,0.000,0.000,34.070,5.090
03/14/2009,13.280,0.470,2.000,0.060,1.500,33.240,6.020
04/20/2011,15.060,0.470,2.000,0.030,0.600,33.508,5.930
10/29/2011,18.380,0.470,0.000,0.000,0.100,33.600,6.250
10/31/2011,18.380,0.470,0.000,0.000,0.100,33.600,6.250
03/26/2012,15.640,0.470,4.000,0.000,1.300,33.550,4.910
07/20/2013,15.020,0.470,1.100,0.000,0.000,33.282,6.110
02/10/2003,16.160,0.480,2.000,0.000,0.000,33.603,6.050
04/09/2003,17.720,0.480,1.500,0.000,0.000,33.607,5.620
04/20/2003,13.820,0.480,2.000,0.000,0.100,33.173,6.420
07/19/2003,17.600,0.480,2.000,0.000,0.000,33.455,5.730
11/06/2004,14.540,0.480,1.900,0.000,0.000,33.380,5.870
04/19/2005,16.110,0.480,2.000,0.000,0.000,33.698,5.210
08/02/2010,14.230,0.480,1.700,0.010,0.200,33.129,5.700
04/21/2011,15.110,0.480,2.000,0.030,0.600,33.503,5.930
04/03/2002,18.220,0.490,2.000,0.000,0.000,33.580,5.630
11/10/2002,16.760,0.490,2.000,0.000,0.000,33.451,6.140
11/22/2002,16.980,0.490,2.000,0.000,0.000,33.276,5.670
11/23/2002,16.740,0.490,2.000,0.020,0.000,33.261,5.550
11/24/2002,16.730,0.490,2.000,0.020,0.000,33.257,5.550
11/25/2002,16.530,0.490,2.000,0.010,0.000,33.220,5.620
01/30/2003,16.120,0.490,2.000,0.010,0.000,33.183,5.800
01/31/2003,14.380,0.490,2.000,0.020,0.000,33.115,6.180
02/01/2003,14.320,0.490,2.000,0.020,0.000,33.122,6.170
04/07/2003,18.530,0.490,1.000,0.000,0.000,33.620,5.490
04/08/2003,18.460,0.490,1.000,0.000,0.000,33.619,5.500
04/16/2003,17.800,0.490,1.000,0.000,0.000,33.460,5.920
04/16/2003,18.010,0.490,2.000,0.000,0.000,33.440,5.790
04/17/2003,17.780,0.490,1.000,0.000,0.000,33.455,5.930
04/18/2003,17.590,0.490,1.000,0.000,0.000,33.393,6.000
04/19/2003,17.250,0.490,1.000,0.000,0.000,33.320,6.080
03/24/2004,18.980,0.490,4.000,0.000,0.000,33.590,5.630
03/25/2004,18.850,0.490,3.900,0.000,0.000,33.585,5.650
03/28/2004,14.670,0.490,2.000,0.000,0.000,33.420,5.960
07/13/2004,19.610,0.490,1.000,0.000,0.000,33.520,5.770
01/16/2005,19.400,0.490,10.000,0.010,0.000,34.012,6.120
11/20/2005,17.620,0.490,2.000,0.000,0.000,33.710,5.920
04/17/2011,14.750,0.490,2.000,0.040,0.700,33.525,5.900
04/22/2011,15.130,0.490,2.000,0.030,0.500,33.500,5.930
04/24/2011,15.130,0.490,3.000,0.040,0.500,33.510,5.910
08/11/2011,14.390,0.490,1.200,0.020,1.000,33.244,5.860
03/27/2012,15.460,0.490,4.300,0.010,1.600,33.552,4.910
07/16/2012,17.820,0.490,2.000,0.000,0.000,33.460,6.640
07/18/2012,17.820,0.490,2.000,0.000,0.000,33.460,6.640
07/06/2014,13.520,0.490,2.700,0.000,0.000,33.428,6.100
11/17/2019,13.410,0.490,3.900,0.080,0.600,33.443,5.900
02/11/2003,14.450,0.500,2.200,0.010,0.200,33.627,6.190
04/11/2003,14.990,0.500,2.100,0.010,0.100,33.607,6.040
07/18/2004,14.180,0.500,2.700,0.000,0.000,33.717,5.990
07/03/2005,20.030,0.500,2.000,0.000,0.000,33.807,5.550
04/10/2006,13.560,0.500,0.000,0.120,5.500,33.339,6.680
04/11/2006,13.510,0.500,0.100,0.110,5.500,33.338,6.700
04/11/2006,13.570,0.500,0.000,0.110,5.400,33.339,6.700
01/25/2007,14.130,0.500,1.000,0.030,1.800,33.254,6.250
08/18/2008,13.020,0.500,3.000,0.000,1.600,33.530,6.210
04/13/2011,15.070,0.500,1.000,0.020,1.100,33.184,5.810
08/12/2011,15.070,0.500,1.000,0.020,1.100,33.201,5.800
07/13/2012,13.980,0.500,3.800,0.070,3.400,33.635,6.320
04/09/2016,12.360,0.500,4.000,0.000,1.500,33.351,5.460
04/20/2000,15.460,0.510,16.000,0.000,0.600,33.600,6.020
10/13/2000,13.800,0.510,9.000,0.000,2.200,33.530,6.120
07/15/2001,16.070,0.510,3.000,0.170,0.000,33.521,5.920
07/16/2001,15.890,0.510,3.100,0.180,0.100,33.535,5.900
04/03/2002,18.220,0.510,2.000,0.000,0.000,33.580,5.700
04/04/2002,17.050,0.510,2.000,0.000,0.000,33.593,5.830
04/04/2002,18.140,0.510,2.000,0.000,0.000,33.581,5.710
04/08/2002,17.160,0.510,2.000,0.000,0.000,33.625,5.740
04/09/2002,16.830,0.510,2.000,0.000,0.000,33.627,5.950
04/09/2002,17.150,0.510,2.000,0.000,0.000,33.625,5.760
07/05/2002,17.050,0.510,2.000,0.030,0.000,33.451,5.580
11/11/2002,16.650,0.510,2.000,0.000,0.000,33.449,5.860
11/12/2002,16.630,0.510,2.000,0.000,0.000,33.447,5.870
11/13/2002,16.360,0.510,2.000,0.000,0.000,33.428,5.910
11/14/2002,16.020,0.510,1.900,0.000,0.000,33.406,5.960
11/15/2002,15.220,0.510,1.000,0.000,0.000,33.359,5.920
02/02/2003,13.220,0.510,2.000,0.000,0.000,33.284,5.960
03/23/2004,19.070,0.510,4.000,0.000,0.000,33.600,5.570
03/29/2004,14.550,0.510,2.200,0.000,0.300,33.422,5.920
07/02/2005,22.380,0.510,2.000,0.000,0.000,33.927,5.150
11/10/2005,22.200,0.510,4.000,0.000,0.000,33.840,5.160
11/19/2005,17.070,0.510,2.000,0.000,0.000,33.643,5.940
04/27/2010,14.820,0.510,2.000,0.000,0.300,32.980,6.030
04/28/2010,14.820,0.510,2.000,0.000,0.300,32.980,6.030
04/29/2010,14.780,0.510,2.000,0.000,0.200,32.971,6.050
05/02/2010,14.770,0.510,2.000,0.000,0.200,32.970,6.050
04/09/2011,15.060,0.510,1.000,0.000,0.900,33.170,5.830
04/10/2011,15.060,0.510,1.000,0.000,0.900,33.170,5.830
04/11/2011,15.070,0.510,1.000,0.020,1.000,33.170,5.830
04/12/2011,15.070,0.510,1.000,0.020,1.000,33.170,5.830
11/15/2014,13.730,0.510,1.400,0.030,1.000,33.386,6.100
07/06/2002,16.820,0.520,2.000,0.020,0.000,33.434,5.670
07/11/2002,16.920,0.520,2.000,0.010,0.000,33.402,5.680
11/16/2002,15.130,0.520,1.100,0.010,0.100,33.359,5.920
11/09/2005,21.900,0.520,4.100,0.000,0.000,33.827,5.250
08/20/2008,10.990,0.520,22.000,0.000,6.200,33.720,3.740
05/02/2010,14.470,0.520,2.000,0.010,0.600,32.957,6.080
10/25/2000,13.200,0.530,7.000,0.000,3.100,33.360,6.040
04/05/2002,15.370,0.530,2.300,0.010,0.200,33.608,5.860
08/15/2010,14.110,0.530,2.000,0.020,0.800,32.950,6.120
08/16/2010,14.140,0.530,2.000,0.020,0.800,32.950,6.120
11/19/2013,12.720,0.530,2.800,0.040,1.300,33.243,5.960
01/16/2000,13.780,0.540,10.500,0.020,3.700,33.685,4.940
11/02/2003,16.620,0.540,8.000,0.070,0.700,33.748,6.420
11/17/2005,16.430,0.540,2.000,0.000,0.000,33.697,5.900
11/18/2005,16.310,0.540,2.000,0.000,0.000,33.704,5.900
08/12/2010,10.780,0.540,4.000,0.120,1.400,33.189,6.040
10/22/2012,12.060,0.540,8.400,0.020,3.500,33.637,5.100
07/07/2014,13.230,0.540,3.000,0.000,0.000,33.416,6.180
04/10/2002,15.910,0.550,2.500,0.010,0.600,33.635,6.050
11/03/2003,16.430,0.550,8.100,0.080,0.800,33.748,6.360
01/26/2007,13.030,0.550,1.000,0.070,2.100,33.235,6.040
03/25/2008,15.120,0.550,1.000,0.000,0.000,33.580,6.630
04/08/2008,12.610,0.550,5.000,0.000,3.400,33.590,5.890
01/14/2010,14.590,0.550,2.000,0.010,1.700,33.240,6.050
01/15/2010,14.590,0.550,2.000,0.010,1.700,33.240,6.050
07/16/2016,11.640,0.550,5.200,0.100,4.900,33.436,5.450
04/21/2000,14.240,0.560,16.000,0.000,1.300,33.600,5.970
07/11/2002,17.010,0.560,2.000,0.000,0.000,33.425,5.690
07/21/2003,13.300,0.560,2.900,0.040,0.800,33.589,6.190
01/09/2005,14.750,0.560,4.000,0.030,0.200,33.582,5.810
10/25/2006,12.980,0.560,6.200,0.080,6.300,33.441,6.230
07/08/2005,13.700,0.570,5.200,0.090,1.700,33.826,5.390
11/08/2005,18.610,0.570,5.100,0.000,0.000,33.705,5.930
01/23/2007,12.910,0.570,1.300,0.080,2.500,33.253,6.050
04/05/2017,13.720,0.570,9.000,0.040,0.900,33.600,4.450
04/06/2017,13.660,0.570,9.200,0.040,1.000,33.604,4.410
07/07/2002,13.800,0.580,3.000,0.040,0.700,33.412,6.390
04/18/2006,13.500,0.580,2.000,0.010,5.100,33.341,6.390
07/24/2006,13.400,0.580,3.000,0.020,5.100,33.340,6.520
08/15/2008,11.240,0.580,5.000,0.070,3.500,33.540,6.100
04/09/2001,16.570,0.590,3.000,0.000,0.000,33.420,5.870
07/16/2015,13.200,0.590,8.700,0.150,2.400,33.437,5.360
02/03/2003,12.970,0.600,3.200,0.120,1.700,33.432,5.680
10/21/2006,10.130,0.600,6.700,0.040,5.300,33.078,5.600
01/31/2007,12.790,0.600,6.400,0.060,4.600,33.320,6.040
08/10/2011,11.550,0.600,3.500,0.060,2.200,33.319,6.120
04/10/2000,13.870,0.610,4.000,0.000,0.400,33.410,4.890
07/12/2002,13.550,0.610,3.000,0.040,0.400,33.366,6.350
04/12/2006,12.740,0.610,1.200,0.130,6.300,33.336,6.730
07/12/2013,12.460,0.610,4.400,0.300,2.400,33.340,5.900
03/28/2002,16.000,0.620,2.500,0.020,0.500,33.539,6.110
07/12/2002,13.460,0.620,3.100,0.050,0.600,33.367,6.330
10/31/2003,13.280,0.620,3.600,0.110,1.700,33.455,5.730
01/08/2005,13.180,0.620,4.200,0.080,1.400,33.594,5.630
11/05/2005,15.110,0.620,6.100,0.020,0.200,33.623,6.150
11/04/2010,14.900,0.620,5.000,0.050,1.700,33.575,5.880
11/05/2010,14.890,0.620,5.000,0.050,1.700,33.580,5.900
02/05/2012,14.100,0.620,5.000,0.070,2.000,33.482,5.520
11/04/2001,16.460,0.630,2.000,0.000,0.100,33.512,5.810
01/17/2005,20.490,0.630,11.000,0.010,0.000,34.037,6.290
10/23/2008,13.160,0.630,8.000,0.110,4.500,33.530,5.610
11/16/2009,10.510,0.630,6.000,0.040,3.900,33.490,6.030
01/16/2011,14.430,0.630,5.300,0.140,5.300,33.646,5.400
07/05/2000,11.250,0.640,14.000,0.000,7.000,33.540,5.520
07/17/2001,14.140,0.640,4.600,0.240,2.100,33.669,5.720
01/28/2010,12.160,0.640,15.000,0.040,0.600,33.700,7.310
01/29/2010,12.160,0.640,15.000,0.040,0.600,33.700,7.310
04/05/2014,13.210,0.640,3.000,0.100,1.900,33.577,5.750
11/16/2014,12.820,0.640,2.800,0.090,3.200,33.408,5.830
04/04/2017,12.520,0.640,13.600,0.030,5.600,33.709,3.800
07/30/2003,13.580,0.650,3.000,0.040,0.600,33.580,6.040
07/16/2005,17.900,0.650,5.000,0.170,0.200,33.911,4.960
01/12/2008,12.160,0.650,7.400,0.120,4.900,33.609,5.960
01/27/2008,10.920,0.660,9.000,0.080,6.600,33.265,5.030
01/21/2009,11.430,0.660,7.000,0.060,5.400,33.410,5.690
11/07/2010,14.950,0.660,5.000,0.040,1.600,33.560,5.710
11/08/2010,14.950,0.660,5.000,0.040,1.600,33.560,5.710
10/29/2000,17.250,0.670,3.000,0.000,0.000,33.370,5.720
10/20/2003,13.460,0.670,3.300,0.040,1.000,33.582,5.990
04/18/2011,11.500,0.670,5.500,0.130,5.200,33.565,5.490
07/25/2001,17.080,0.680,3.000,0.040,0.900,33.706,5.790
04/27/2005,15.260,0.680,4.000,0.060,0.800,33.714,5.620
11/04/2005,14.050,0.680,7.000,0.140,2.200,33.637,5.180
10/26/2011,16.640,0.680,2.800,0.000,0.500,33.577,5.840
08/11/2017,15.140,0.680,7.000,0.070,5.700,33.566,4.590
01/19/2001,12.780,0.690,10.000,0.180,5.900,33.420,5.550
04/21/2003,12.790,0.690,3.700,0.080,2.600,33.253,6.050
07/03/2007,10.450,0.690,7.300,0.000,5.100,33.008,5.880
03/20/2009,13.650,0.690,5.000,0.020,4.300,33.530,5.680
11/05/2015,11.780,0.690,6.500,0.280,3.900,33.472,5.350
07/23/2016,10.720,0.690,10.500,0.050,5.200,33.326,4.960
10/22/2018,18.040,0.690,4.100,0.440,3.600,34.168,4.390
01/17/2016,11.840,0.700,7.800,0.080,4.600,33.489,5.080
11/06/2019,12.140,0.700,10.600,0.040,7.500,33.499,4.650
07/26/2001,16.850,0.720,4.000,0.090,0.900,33.700,5.870
10/25/2001,16.840,0.720,4.100,0.090,1.000,33.699,5.840
04/07/2008,14.080,0.720,2.000,0.090,5.700,33.550,6.370
11/06/2010,14.440,0.720,6.300,0.110,3.500,33.597,5.680
04/08/2013,10.430,0.720,10.600,0.060,8.100,33.455,5.010
07/26/2012,13.620,0.730,6.900,0.150,5.000,33.572,4.810
01/11/2013,11.930,0.730,7.600,0.150,5.800,33.624,5.070
01/10/2017,11.770,0.730,9.600,0.030,8.700,33.634,5.020
08/01/2011,14.490,0.740,6.700,0.200,5.000,33.664,5.140
02/04/2014,12.940,0.740,4.100,0.070,0.900,33.191,5.940
07/14/2001,17.220,0.750,3.000,0.090,0.400,33.553,5.810
04/15/2005,13.960,0.750,6.900,0.070,5.200,33.719,4.020
02/09/2006,14.360,0.750,5.800,0.020,3.300,33.725,4.920
11/22/2009,11.630,0.750,8.000,0.080,6.100,33.300,5.790
11/18/2013,11.730,0.750,5.300,0.050,4.800,33.292,5.500
11/18/2016,11.440,0.750,9.800,0.120,7.800,33.286,4.950
10/26/2001,16.380,0.760,4.600,0.080,1.700,33.696,5.540
01/06/2004,14.870,0.760,9.100,0.150,3.200,33.749,5.710
11/12/2010,11.680,0.760,6.000,0.090,6.700,33.250,5.600
11/13/2013,17.000,0.760,2.000,0.210,0.000,33.140,5.420
11/14/2013,17.000,0.760,2.000,0.210,0.000,33.140,5.420
11/08/2016,11.980,0.760,10.100,0.130,9.100,33.415,4.630
11/16/2019,11.710,0.760,6.500,0.030,6.200,33.476,5.320
11/02/2004,12.370,0.770,6.000,0.040,5.700,33.428,5.240
04/05/2006,13.450,0.770,1.000,0.120,5.700,33.547,6.420
04/05/2006,13.450,0.770,1.000,0.120,5.700,33.547,6.420
04/06/2006,13.430,0.770,1.000,0.130,5.700,33.546,6.350
04/06/2006,13.430,0.770,1.000,0.130,5.700,33.546,6.360
03/27/2008,13.110,0.770,6.000,0.000,6.500,33.490,5.640
10/18/2008,11.630,0.770,9.000,0.160,7.100,33.450,5.210
01/09/2016,11.670,0.770,9.100,0.060,5.800,33.360,4.810
11/10/2010,11.580,0.780,6.200,0.090,7.100,33.265,5.560
04/06/2018,17.830,0.780,7.000,0.330,5.900,34.136,4.040
11/17/2004,12.850,0.790,6.000,0.080,4.700,33.560,5.300
02/05/2014,14.910,0.790,3.000,0.070,0.000,33.145,5.990
04/10/2017,11.850,0.790,9.200,0.090,4.200,34.222,4.990
11/23/2017,10.710,0.790,13.000,0.030,11.500,33.567,4.160
04/12/2006,11.820,0.800,2.000,0.160,6.900,33.343,6.750
04/23/2008,13.180,0.800,2.000,0.090,6.500,33.550,6.620
01/11/2009,13.450,0.800,9.000,0.020,6.600,33.470,5.420
07/21/2009,10.670,0.800,9.000,0.010,8.000,33.240,5.230
10/19/2011,15.030,0.800,6.000,0.070,3.700,33.610,5.880
07/10/2012,12.050,0.800,6.700,0.160,8.300,33.796,5.520
01/27/2010,11.760,0.810,16.800,0.090,4.300,33.708,6.440
11/12/2013,16.840,0.810,2.900,0.030,0.000,33.131,5.610
04/06/2016,11.390,0.810,8.700,0.000,5.600,33.386,4.880
07/15/2016,10.640,0.810,10.000,0.070,9.300,33.488,4.980
11/09/2013,16.820,0.820,3.000,0.010,0.000,33.130,5.640
07/10/2000,11.540,0.830,19.000,0.340,4.400,33.460,4.770
11/17/2002,12.600,0.830,5.800,0.260,5.100,33.365,5.580
02/04/2003,11.930,0.830,6.900,0.120,6.200,33.567,5.250
01/22/2007,11.870,0.830,5.000,0.160,7.300,33.431,6.190
01/14/2009,13.150,0.830,10.000,0.170,7.300,33.580,5.220
03/10/2009,10.120,0.830,11.000,0.010,9.000,33.400,5.110
11/03/2010,13.930,0.830,7.800,0.180,5.600,33.620,5.440
10/27/2001,15.270,0.840,5.600,0.090,2.900,33.697,5.150
01/26/2010,11.680,0.840,17.000,0.100,5.100,33.710,6.270
02/02/2002,12.880,0.850,6.700,0.080,5.600,33.472,5.840
02/12/2003,12.420,0.850,7.200,0.160,5.700,33.685,5.400
04/11/2003,12.620,0.850,6.900,0.150,5.200,33.646,5.480
11/06/2005,13.150,0.850,9.600,0.000,4.800,33.651,4.360
07/08/2014,12.650,0.850,6.300,0.140,2.500,33.432,5.460
03/29/2002,11.990,0.860,6.000,0.170,6.000,33.420,5.740
01/18/2008,12.810,0.860,10.500,0.080,7.900,33.614,5.140
06/17/2018,12.770,0.860,10.500,0.180,8.800,33.772,4.090
11/14/2007,10.980,0.870,10.500,0.030,8.500,33.275,5.240
11/02/2015,11.500,0.870,8.400,0.120,7.000,33.440,4.950
01/22/2000,11.340,0.880,16.000,0.060,9.000,33.590,5.100
04/20/2001,10.810,0.880,19.000,0.000,8.700,33.620,4.940
07/23/2006,11.950,0.880,9.200,0.030,9.200,33.393,6.270
01/25/2013,10.600,0.880,16.700,0.010,10.800,33.681,4.070
04/07/2006,12.470,0.890,3.800,0.110,6.300,33.553,6.180
04/16/2015,11.020,0.890,10.800,0.080,9.200,33.435,4.850
04/13/2006,11.560,0.900,4.500,0.170,8.300,33.348,6.510
10/26/2006,11.630,0.900,9.400,0.180,9.900,33.475,6.010
07/21/2013,10.630,0.900,9.400,0.000,9.000,33.399,5.310
07/18/2001,12.600,0.910,7.400,0.260,5.700,33.789,5.490
11/08/2001,12.300,0.910,4.800,0.120,3.300,33.456,6.410
11/03/2004,11.670,0.910,8.000,0.050,8.300,33.463,4.960
02/01/2007,11.650,0.910,10.000,0.160,9.200,33.428,5.570
04/03/2017,12.010,0.910,18.700,0.110,9.700,33.819,3.150
08/07/2011,10.100,0.920,9.000,0.130,11.400,33.580,4.970
08/08/2011,10.170,0.920,9.000,0.150,11.300,33.560,5.050
02/03/2014,11.740,0.920,7.300,0.050,4.300,33.273,5.460
04/22/2003,11.670,0.930,6.500,0.060,6.700,33.334,5.480
05/16/2010,14.560,0.930,8.100,0.130,7.500,33.249,6.070
11/10/2013,16.760,0.930,3.000,0.030,0.000,33.128,5.650
07/17/2014,11.500,0.930,11.800,0.130,9.500,33.552,4.910
04/05/2002,12.230,0.940,8.400,0.100,3.500,33.648,5.420
10/31/2003,11.890,0.940,8.500,0.110,7.400,33.502,5.130
07/17/2004,11.870,0.940,8.800,0.020,4.300,33.901,5.130
11/07/2001,14.310,0.950,3.200,0.060,1.300,33.473,6.390
04/08/2004,12.880,0.950,7.600,0.070,7.100,33.492,4.990
10/22/2006,9.540,0.950,13.600,0.030,12.200,33.151,5.080
01/25/2011,12.660,0.950,9.800,0.070,9.900,33.655,5.110
04/11/2000,11.500,0.960,18.000,0.130,10.100,33.440,3.820
08/09/2011,10.820,0.960,9.000,0.240,10.400,33.421,5.660
07/25/2012,12.010,0.960,10.000,0.230,9.300,33.600,4.540
11/25/2013,10.790,0.960,9.000,0.010,8.600,33.350,5.180
07/24/2016,9.810,0.960,18.300,0.010,8.200,33.378,4.190
08/02/2017,10.980,0.960,13.100,0.010,16.300,33.394,4.430
04/05/2007,9.880,0.970,13.000,0.130,11.500,33.226,5.150
07/13/2002,11.900,0.980,8.000,0.220,7.400,33.404,5.380
07/15/2005,15.470,0.980,9.000,0.380,4.700,33.825,4.510
05/15/2010,14.560,0.980,9.000,0.150,8.400,33.250,6.070
02/12/2012,12.970,0.980,10.600,0.140,8.300,33.609,5.100
07/19/2014,10.680,0.980,20.000,0.120,17.100,33.660,3.750
01/16/2016,10.670,0.980,12.100,0.070,8.000,33.518,4.680
04/06/2019,13.730,0.980,14.900,0.030,8.700,33.982,2.820
07/15/2009,10.450,0.990,15.000,0.000,12.900,33.730,4.890
11/05/2001,16.380,1.000,2.000,0.030,0.000,33.508,5.890
11/06/2001,16.210,1.000,2.100,0.030,0.100,33.505,5.950
01/25/2008,9.540,1.010,15.100,0.000,13.500,33.322,4.490
11/11/2013,16.690,1.010,3.000,0.060,0.000,33.130,5.660
04/12/2014,11.350,1.010,13.400,0.120,9.700,33.652,4.750
07/18/2019,11.740,1.010,8.800,0.010,8.000,33.483,5.220
07/02/2007,9.650,1.020,13.300,0.000,11.500,33.075,5.180
07/22/2009,9.810,1.020,14.000,0.010,13.100,33.430,4.900
05/17/2010,13.760,1.020,11.000,0.170,9.300,33.349,6.090
10/20/2018,16.740,1.020,8.000,0.300,9.300,34.150,3.550
11/11/2010,10.400,1.030,10.900,0.040,13.200,33.444,4.850
07/16/2014,10.600,1.040,20.900,0.090,17.700,33.679,3.730
01/11/2008,11.420,1.050,14.000,0.230,11.400,33.584,4.720
08/14/2008,10.000,1.050,11.000,0.060,9.000,33.760,5.000
07/16/2009,11.280,1.050,11.000,0.240,9.400,33.520,5.060
11/16/2013,10.530,1.050,10.900,0.010,10.300,33.362,4.980
04/05/2015,11.560,1.050,11.400,0.190,10.400,33.629,4.780
11/16/2005,13.710,1.060,9.700,0.050,8.400,33.871,4.730
01/07/2004,13.830,1.080,10.700,0.250,7.500,33.757,4.980
08/23/2008,13.230,1.080,11.000,0.000,6.200,33.580,5.040
05/13/2010,12.410,1.080,12.000,0.200,10.300,33.520,6.110
05/14/2010,12.550,1.080,12.000,0.200,10.200,33.502,6.110
01/12/2013,10.610,1.080,17.200,0.050,11.700,33.695,3.920
07/14/2016,10.010,1.080,15.900,0.030,13.400,33.543,4.450
07/12/2001,10.970,1.090,23.000,0.000,11.500,33.610,4.430
04/04/2007,9.540,1.090,15.900,0.070,14.300,33.374,4.840
11/14/2014,11.450,1.090,12.000,0.310,11.100,33.859,4.520
01/21/2015,10.980,1.090,16.600,0.070,14.100,33.481,4.040
03/28/2008,10.750,1.100,12.000,0.000,13.000,33.390,5.020
03/13/2009,9.390,1.100,16.000,0.010,14.500,33.550,4.680
03/30/2004,11.720,1.120,10.700,0.020,10.900,33.473,4.620
03/29/2014,10.900,1.120,12.200,0.080,8.600,33.597,4.670
01/21/2007,11.030,1.140,12.800,0.250,13.800,33.567,5.260
01/10/2016,10.650,1.140,16.100,0.020,10.800,33.376,4.110
07/08/2002,11.270,1.150,10.500,0.060,10.600,33.447,5.290
08/06/2011,9.510,1.150,14.600,0.070,16.300,33.611,4.500
02/05/2003,10.380,1.160,12.500,0.030,12.000,33.689,4.720
07/29/2009,9.650,1.160,16.000,0.010,15.400,33.500,4.480
04/14/2015,10.130,1.160,17.000,0.020,14.200,33.571,4.230
07/17/2015,12.240,1.160,15.000,0.020,11.900,33.573,3.760
11/17/2016,10.760,1.160,17.700,0.080,14.600,33.346,4.050
07/22/2003,11.550,1.170,12.200,0.040,10.800,33.803,5.000
08/11/2010,9.160,1.170,15.000,0.120,15.000,33.640,4.840
02/11/2012,11.700,1.170,15.000,0.220,13.400,33.640,4.360
11/01/2015,10.490,1.170,14.200,0.060,11.700,33.476,4.400
11/09/2016,10.800,1.170,17.400,0.110,16.300,33.461,3.570
01/09/2017,10.530,1.170,17.400,0.030,16.000,33.641,3.840
01/17/2000,12.230,1.180,22.600,0.000,12.000,33.788,3.930
04/24/2008,11.180,1.190,11.000,0.070,12.900,33.590,5.390
10/28/2008,11.150,1.190,15.000,0.100,13.800,33.540,4.370
08/10/2010,9.120,1.190,15.900,0.110,15.400,33.642,4.770
01/14/2001,10.750,1.200,25.000,0.000,15.000,33.620,3.250
11/06/2015,10.590,1.200,13.700,0.240,7.800,33.504,4.490
01/14/2016,10.030,1.200,16.600,0.060,10.300,33.552,4.440
07/22/2006,10.470,1.210,16.000,0.040,14.000,33.488,5.860
01/18/2007,10.860,1.210,15.000,0.260,15.400,33.591,4.940
08/25/2008,9.290,1.210,19.000,0.000,15.600,33.700,4.530
04/11/2013,9.490,1.210,19.600,0.060,16.600,33.578,4.250
02/02/2014,10.990,1.210,13.000,0.000,8.800,33.370,4.980
01/24/2013,9.890,1.220,25.800,0.010,17.000,33.804,3.140
07/20/2006,10.390,1.230,16.600,0.040,14.400,33.489,5.800
04/19/2011,9.630,1.230,16.200,0.060,16.500,33.629,4.480
02/10/2012,11.600,1.230,15.800,0.240,14.200,33.643,4.300
04/14/2013,9.450,1.230,21.000,0.060,17.000,33.620,4.150
10/27/2006,10.300,1.240,18.000,0.250,16.100,33.561,4.770
03/28/2007,9.220,1.240,20.000,0.000,17.600,33.565,4.430
04/05/2008,10.780,1.240,19.000,0.000,15.900,33.660,4.260
02/01/2014,10.760,1.240,14.200,0.000,9.900,33.407,4.840
02/13/2003,10.460,1.250,13.200,0.050,13.400,33.778,4.580
10/21/2003,11.510,1.250,12.700,0.070,12.600,33.625,4.440
01/25/2010,10.640,1.250,23.200,0.230,14.800,33.754,4.580
04/11/2017,10.190,1.250,17.200,0.010,8.900,34.361,4.190
10/28/2006,10.290,1.260,18.300,0.240,16.400,33.562,4.710
06/28/2007,9.210,1.260,18.800,0.000,17.000,33.148,4.660
04/14/2001,10.250,1.280,29.000,0.030,16.400,33.650,4.240
11/14/2017,9.880,1.280,23.900,0.010,18.600,33.628,2.860
08/13/2010,10.220,1.290,15.000,0.610,15.000,33.398,4.770
07/31/2011,11.630,1.290,17.200,0.170,14.500,33.745,4.040
10/26/2012,11.060,1.290,17.200,0.370,15.900,33.532,4.340
11/04/2004,10.900,1.300,13.800,0.040,13.800,33.603,4.280
01/20/2010,10.520,1.300,24.000,0.240,15.900,33.760,4.390
07/11/2013,9.620,1.300,18.000,0.000,16.400,33.300,4.610
07/24/2012,10.800,1.310,16.900,0.100,17.000,33.672,3.750
07/10/2013,9.590,1.310,18.300,0.000,16.600,33.459,4.590
11/15/2019,10.730,1.310,16.500,0.010,14.600,33.588,4.270
04/12/2003,11.140,1.320,14.200,0.080,12.800,33.719,4.390
01/30/2015,10.850,1.320,16.500,0.050,14.800,33.752,4.190
04/11/2014,10.660,1.330,19.900,0.040,13.800,33.651,3.880
01/08/2001,10.040,1.340,23.000,0.000,14.200,33.590,4.770
04/02/2008,10.500,1.350,21.000,0.000,18.600,33.740,3.830
10/14/2008,10.880,1.350,18.000,0.070,16.700,33.620,3.750
01/15/2009,10.760,1.350,19.000,0.140,17.100,33.660,3.840
08/03/2017,10.290,1.350,21.100,0.000,24.800,33.435,3.610
07/11/2016,9.590,1.360,22.000,0.020,17.200,33.601,3.870
04/15/2019,12.080,1.360,26.300,0.090,12.900,34.102,1.570
11/18/2002,10.660,1.380,14.100,0.110,14.000,33.384,4.620
11/13/2007,10.060,1.380,19.200,0.030,17.100,33.343,4.170
10/20/2008,10.800,1.380,18.000,0.120,17.200,33.630,3.880
01/08/2009,10.650,1.380,20.000,0.020,17.800,33.620,3.920
01/04/2005,12.090,1.390,14.000,0.130,14.000,33.627,3.860
04/10/2002,10.990,1.400,14.400,0.240,13.800,33.669,4.370
01/28/2007,10.180,1.400,20.400,0.130,18.700,33.498,4.630
01/29/2014,9.720,1.400,21.100,0.010,15.300,33.579,4.150
11/04/2015,9.860,1.400,18.600,0.130,11.500,33.542,4.050
01/20/2017,10.270,1.400,23.300,0.080,20.000,33.511,3.120
04/02/2017,11.610,1.400,24.300,0.110,15.100,33.933,2.460
04/25/2008,10.360,1.410,18.000,0.090,16.800,33.650,4.720
11/09/2009,10.620,1.410,20.000,0.170,17.100,33.710,4.030
02/02/2012,10.610,1.410,19.100,0.090,19.900,33.664,3.740
01/22/2013,9.380,1.410,32.000,0.030,19.800,33.970,2.670
11/17/2013,9.640,1.410,19.200,0.010,16.900,33.414,4.140
04/13/2015,9.680,1.410,23.200,0.020,18.000,33.628,3.680
07/14/2002,10.730,1.420,14.400,0.110,14.600,33.444,4.480
07/21/2014,10.210,1.420,25.100,0.010,20.800,33.771,3.270
07/18/2015,11.720,1.420,18.500,0.020,14.300,33.673,3.150
01/06/2017,9.940,1.420,23.200,0.030,19.800,33.652,3.370
07/06/2013,9.250,1.430,23.600,0.000,19.300,33.520,4.240
04/05/2018,15.730,1.430,14.600,0.060,15.500,34.117,2.490
07/17/2004,10.600,1.440,17.000,0.020,9.100,34.063,4.180
01/19/2007,10.110,1.440,21.000,0.070,20.000,33.662,4.220
02/01/2012,10.520,1.440,20.000,0.040,20.700,33.680,3.620
07/03/2012,10.550,1.440,19.000,0.090,19.700,34.102,3.800
04/16/2019,13.310,1.440,24.100,0.100,14.200,34.108,1.300
04/16/2005,11.810,1.450,18.000,0.040,16.800,33.743,3.030
02/08/2006,12.060,1.460,16.200,0.020,16.400,33.627,3.300
01/07/2008,9.970,1.460,22.300,0.080,19.900,33.615,3.770
10/23/2011,11.840,1.460,18.300,0.120,14.900,33.607,4.360
04/17/2000,11.520,1.470,24.000,0.440,13.100,33.560,4.690
01/24/2002,11.000,1.470,13.000,0.260,12.800,33.494,4.760
01/23/2013,9.300,1.470,32.900,0.030,20.800,33.975,2.600
04/22/2003,10.740,1.480,15.300,0.020,14.200,33.417,4.300
10/24/2011,10.520,1.480,22.000,0.000,18.300,33.760,3.440
04/13/2013,9.140,1.480,29.900,0.030,21.000,33.656,3.350
07/19/2019,10.780,1.480,16.000,0.000,14.300,33.564,4.360
01/20/2007,9.840,1.490,22.800,0.050,21.100,33.687,4.020
11/02/2010,10.660,1.490,18.900,0.180,17.000,33.689,3.900
11/21/2014,10.930,1.500,19.000,0.160,15.800,33.602,3.780
11/22/2014,11.340,1.500,16.000,0.380,13.000,33.501,4.020
04/02/2014,10.080,1.510,22.000,0.030,14.300,33.690,3.550
07/24/2015,11.530,1.510,19.800,0.020,15.400,33.767,3.100
01/26/2011,10.560,1.520,20.500,0.120,20.200,33.672,3.640
01/13/2013,9.810,1.530,27.100,0.000,18.200,33.833,2.970
01/15/2005,14.150,1.540,16.000,0.660,13.200,33.873,3.760
05/05/2010,10.780,1.540,17.100,0.500,16.800,33.460,5.350
11/09/2010,9.050,1.540,25.300,0.020,24.100,33.748,3.850
04/04/2012,10.190,1.540,21.900,0.030,23.100,33.678,3.500
04/10/2001,10.010,1.550,38.000,0.000,23.400,33.870,3.660
07/27/2004,11.250,1.550,17.400,0.040,16.400,33.537,3.770
03/15/2009,9.290,1.550,24.000,0.010,21.800,33.670,3.860
01/31/2010,9.690,1.550,24.000,0.090,20.000,33.790,3.600
10/25/2011,10.330,1.550,23.800,0.000,19.500,33.774,3.240
01/20/2015,10.930,1.550,23.800,0.040,19.100,33.531,2.820
10/31/2015,9.730,1.550,22.800,0.040,16.400,33.517,3.790
04/13/2016,9.260,1.550,28.300,0.010,16.100,33.438,3.600
11/16/2016,10.180,1.550,26.000,0.040,20.100,33.410,3.190
01/07/2017,9.480,1.550,27.300,0.020,21.800,33.669,3.210
02/03/2002,10.660,1.560,17.000,0.070,16.600,33.650,4.180
01/23/2010,9.810,1.560,29.500,0.200,20.200,33.796,3.530
01/19/2017,9.820,1.560,28.400,0.070,22.700,33.563,2.780
01/16/2007,9.330,1.570,26.000,0.000,22.500,33.742,3.720
03/29/2007,9.240,1.570,26.200,0.000,22.300,33.714,3.860
10/29/2008,12.120,1.570,10.000,0.190,6.800,33.490,4.670
07/23/2009,9.160,1.570,26.000,0.010,22.300,33.710,3.800
11/21/2009,10.790,1.570,16.000,0.400,15.800,33.570,3.940
01/13/2011,9.910,1.570,23.300,0.050,24.800,33.772,3.230
04/22/2000,10.460,1.580,36.000,0.020,18.700,33.720,3.690
01/24/2010,9.750,1.580,30.000,0.200,20.500,33.800,3.470
08/06/2010,8.800,1.580,28.700,0.040,21.600,33.672,3.700
04/16/2011,9.180,1.580,24.000,0.020,23.400,33.723,3.730
01/31/2012,10.300,1.580,23.200,0.010,23.500,33.723,3.240
11/13/2014,10.900,1.580,21.000,0.080,17.200,33.512,3.390
07/15/2015,11.440,1.580,21.000,0.020,16.200,33.855,2.990
11/09/2015,9.620,1.580,23.500,0.000,14.800,33.584,3.530
11/14/2019,10.430,1.580,22.000,0.030,18.000,33.670,3.760
01/25/2002,10.860,1.590,14.200,0.250,14.000,33.500,4.570
01/16/2008,10.390,1.590,21.800,0.120,20.400,33.631,3.530
07/22/2012,10.190,1.590,23.800,0.000,22.200,33.781,3.020
07/09/2002,9.990,1.600,17.700,0.040,17.500,33.485,4.270
07/17/2009,10.530,1.600,19.000,0.370,17.800,33.590,3.890
11/11/2009,11.820,1.600,22.000,0.140,19.500,33.570,3.540
04/07/2013,8.970,1.600,38.400,0.050,23.400,33.704,2.620
03/29/2002,11.110,1.610,16.700,0.110,16.700,33.475,3.780
01/13/2007,9.130,1.610,27.300,0.000,22.900,33.771,3.650
04/06/2015,10.350,1.610,21.000,0.070,18.500,33.711,3.610
07/09/2005,12.460,1.620,17.700,0.050,14.200,34.116,3.290
01/29/2007,9.570,1.620,25.700,0.020,22.600,33.540,3.770
04/06/2019,13.200,1.620,23.600,0.020,19.300,33.981,1.630
08/29/2008,8.390,1.630,32.000,0.000,24.900,33.910,3.660
08/03/2009,8.650,1.630,31.000,0.010,25.000,33.850,3.650
02/08/2012,10.390,1.630,22.700,0.210,20.500,33.709,3.470
07/23/2012,10.050,1.630,26.000,0.000,23.100,33.850,2.720
11/20/2014,10.790,1.640,21.000,0.130,17.400,33.817,3.470
07/20/2019,10.540,1.640,19.000,0.000,16.400,33.620,3.990
06/29/2007,8.440,1.650,30.800,0.000,24.200,33.305,3.840
11/01/2010,10.280,1.650,23.000,0.060,19.600,33.790,3.470
08/03/2011,8.630,1.650,28.000,0.030,26.000,33.687,3.490
07/11/2012,10.280,1.650,23.500,0.090,22.300,33.977,3.110
04/03/2014,9.760,1.650,27.000,0.030,16.600,33.840,3.110
07/15/2014,9.800,1.650,31.100,0.000,24.600,33.865,2.800
01/14/2007,8.910,1.660,29.000,0.000,23.500,33.813,3.550
03/31/2008,9.710,1.660,28.000,0.000,23.500,33.890,3.260
07/27/2009,8.870,1.660,29.000,0.000,25.000,33.830,3.710
04/23/2013,9.560,1.660,32.000,0.000,19.900,34.010,2.520
01/16/2015,10.270,1.660,27.800,0.010,21.200,33.636,2.710
04/11/2015,9.540,1.660,28.900,0.020,20.800,33.686,3.000
10/29/2006,10.070,1.670,25.400,0.030,22.500,33.590,3.550
05/03/2010,9.490,1.670,22.300,0.320,20.200,33.575,4.520
01/28/2012,10.160,1.670,25.700,0.000,25.100,33.772,3.040
01/19/2015,10.740,1.670,26.700,0.040,20.700,33.583,2.550
03/12/2009,8.500,1.680,32.000,0.010,25.700,33.880,3.560
01/16/2010,9.160,1.680,38.000,0.220,24.700,33.950,2.480
01/17/2010,9.170,1.680,37.800,0.240,24.700,33.948,2.500
10/28/2010,10.200,1.680,23.900,0.060,20.200,33.801,3.390
07/21/2012,9.980,1.680,27.200,0.000,24.200,33.864,2.680
01/18/2000,11.610,1.690,37.400,0.000,20.300,33.888,2.930
02/09/2012,10.000,1.690,25.300,0.100,22.100,33.796,3.080
01/21/2013,9.080,1.690,35.400,0.010,24.200,33.998,2.410
07/14/2015,11.310,1.690,23.300,0.020,17.000,33.935,2.750
03/31/2004,11.260,1.700,20.300,0.060,19.100,33.526,3.230
04/07/2001,9.430,1.710,45.000,0.000,27.100,33.830,3.560
11/15/2004,11.370,1.710,20.100,0.050,18.400,33.602,3.340
07/12/2012,10.250,1.710,25.000,0.090,22.900,33.870,2.870
04/22/2013,9.480,1.710,33.000,0.000,20.300,34.014,2.440
07/10/2016,9.000,1.710,32.000,0.020,21.300,33.725,3.150
01/19/2010,9.350,1.720,33.000,0.720,24.500,33.890,2.910
01/18/2010,9.330,1.730,33.000,0.750,24.600,33.890,2.900
05/04/2010,8.940,1.730,26.200,0.000,22.100,33.734,3.770
01/14/2011,9.490,1.730,28.700,0.020,27.700,33.913,2.750
04/14/2011,8.900,1.730,29.000,0.010,26.100,33.860,3.270
04/15/2011,8.910,1.730,28.800,0.010,26.100,33.854,3.280
07/27/2011,9.810,1.730,29.000,0.080,22.800,33.889,2.920
07/13/2001,9.640,1.740,43.000,0.000,19.800,33.930,3.720
07/19/2001,10.390,1.740,20.300,0.200,20.000,34.149,3.790
01/24/2011,9.970,1.740,25.700,0.040,23.200,33.712,3.090
01/29/2012,9.980,1.740,28.100,0.000,26.500,33.822,2.880
11/15/2013,8.770,1.740,30.000,0.000,23.100,33.522,3.240
04/13/2003,10.150,1.750,21.800,0.020,19.600,33.822,3.520
11/12/2007,9.730,1.750,27.400,0.000,23.000,33.414,3.130
01/08/2008,9.500,1.750,27.700,0.000,24.100,33.654,3.110
07/21/2016,8.840,1.750,32.700,0.130,16.900,33.497,3.080
04/12/2000,8.860,1.760,53.000,0.000,26.400,33.920,2.320
04/14/2006,9.470,1.760,27.500,0.230,21.200,33.393,4.120
01/15/2007,8.760,1.760,31.900,0.000,25.100,33.873,3.250
02/06/2012,9.740,1.760,28.000,0.110,23.000,33.900,2.800
02/07/2012,9.750,1.760,27.800,0.100,23.000,33.888,2.810
01/15/2015,10.020,1.760,34.400,0.030,24.300,33.747,2.110
04/29/2007,8.420,1.770,35.000,0.000,26.200,33.944,3.250
07/25/2009,8.700,1.770,33.000,0.000,26.800,33.880,3.700
05/06/2010,9.520,1.770,31.000,0.310,22.300,33.836,3.660
11/04/2012,10.150,1.770,26.900,0.070,23.900,33.897,2.720
01/08/2017,8.750,1.770,35.200,0.040,25.200,33.722,2.740
01/18/2017,9.230,1.770,35.500,0.090,25.100,33.679,2.380
07/21/2006,9.410,1.780,29.900,0.140,24.400,33.557,4.240
01/15/2011,9.350,1.780,31.000,0.010,28.700,33.990,2.580
11/13/2019,10.290,1.780,25.700,0.020,20.200,33.708,3.340
10/14/2000,9.080,1.790,54.000,0.000,21.600,33.930,3.230
04/07/2006,10.020,1.790,23.000,0.160,17.900,33.652,3.930
04/28/2007,8.700,1.790,33.000,0.000,25.800,33.896,3.150
08/07/2010,8.050,1.790,36.000,0.130,26.300,33.734,3.500
04/06/2012,9.910,1.790,28.500,0.000,27.700,33.845,2.790
11/12/2014,10.770,1.790,23.400,0.020,19.500,33.574,2.970
11/19/2002,9.650,1.800,21.600,0.020,20.400,33.413,3.860
07/17/2019,10.230,1.800,22.100,0.040,18.600,33.668,3.770
07/15/2002,9.740,1.810,22.300,0.030,20.500,33.487,3.840
02/06/2003,9.260,1.810,25.700,0.020,21.400,33.893,3.560
07/23/2003,10.880,1.810,24.100,0.020,20.900,33.993,3.420
10/29/2010,10.010,1.810,26.800,0.050,21.900,33.848,3.080
11/21/2017,9.280,1.810,35.000,0.000,33.800,33.525,2.580
04/28/2005,11.890,1.820,18.300,0.240,18.600,33.740,3.050
02/07/2006,10.210,1.820,11.000,0.110,13.900,33.740,4.070
04/02/2007,9.270,1.820,31.000,0.000,25.800,33.812,3.400
03/19/2009,8.880,1.820,31.000,0.000,24.700,33.870,3.220
04/26/2011,9.170,1.820,32.800,0.010,29.600,34.008,2.540
01/20/2013,8.800,1.820,40.500,0.020,25.500,34.045,2.040
10/19/2018,16.250,1.820,16.600,0.250,17.900,34.170,1.750
02/14/2003,10.060,1.830,23.100,0.050,21.100,33.897,3.400
10/22/2003,10.830,1.830,20.900,0.040,20.100,33.671,3.340
07/20/2012,9.810,1.830,29.900,0.000,26.900,33.901,2.580
01/15/2001,9.530,1.840,48.000,0.000,24.000,33.920,2.280
11/05/2004,10.290,1.840,22.600,0.020,20.900,33.800,3.330
10/30/2006,9.450,1.840,30.700,0.000,25.700,33.618,3.010
10/30/2010,9.790,1.840,28.900,0.030,22.300,33.896,2.810
10/31/2010,9.770,1.840,29.000,0.030,22.300,33.900,2.790
11/03/2012,10.000,1.840,29.500,0.040,25.400,33.943,2.590
04/12/2013,8.870,1.840,43.000,0.020,27.300,33.802,2.160
07/07/2013,8.130,1.840,41.300,0.000,26.700,33.642,3.250
07/13/2014,9.640,1.840,35.000,0.000,27.300,33.960,2.510
07/14/2014,9.550,1.840,36.000,0.000,28.000,34.070,2.460
10/31/2006,8.740,1.850,34.300,0.000,27.000,33.648,3.080
11/01/2006,8.240,1.850,36.900,0.000,27.800,33.679,3.250
04/01/2012,9.850,1.850,30.000,0.000,28.500,33.930,2.640
11/09/2014,10.630,1.850,24.700,0.020,20.600,33.639,2.910
01/31/2015,10.540,1.850,27.400,0.020,21.500,33.881,2.750
01/14/2005,13.240,1.860,18.000,0.030,18.700,33.931,2.500
07/22/2019,11.400,1.860,26.700,0.040,23.000,33.798,2.160
07/11/2000,9.380,1.870,64.000,0.000,23.500,34.130,2.440
10/19/2000,9.900,1.870,48.000,0.000,24.000,33.990,2.970
10/27/2000,8.190,1.870,63.000,0.000,27.900,33.990,3.450
04/11/2002,10.070,1.870,22.600,0.080,20.100,33.736,3.460
04/03/2007,8.980,1.870,34.600,0.000,27.500,33.882,2.930
01/29/2011,9.600,1.870,31.000,0.020,24.200,33.970,2.510
01/30/2011,9.610,1.870,30.800,0.020,24.000,33.964,2.530
04/25/2011,8.920,1.870,34.800,0.010,30.800,34.038,2.470
07/28/2011,9.440,1.870,36.000,0.020,26.300,34.050,2.360
10/25/2012,9.370,1.870,31.700,0.030,25.400,33.516,2.850
07/12/2014,9.460,1.870,36.000,0.000,28.100,34.095,2.400
10/31/2015,9.300,1.870,31.100,0.030,19.900,33.561,3.270
07/19/2006,8.930,1.880,32.300,0.040,26.200,33.596,3.720
01/30/2007,9.260,1.880,32.000,0.000,25.700,33.583,2.820
07/13/2007,8.920,1.880,35.000,0.000,27.600,33.890,2.870
01/23/2011,9.630,1.880,30.100,0.020,24.700,33.772,2.730
07/11/2014,9.440,1.880,36.000,0.000,28.100,34.100,2.390
10/22/2011,9.700,1.890,30.500,0.000,25.100,33.861,2.570
10/26/2000,9.210,1.900,52.000,0.000,27.000,33.920,2.990
10/15/2008,9.310,1.900,32.000,0.000,26.900,34.020,2.840
03/31/2012,9.700,1.900,32.800,0.000,30.000,33.947,2.420
11/08/2014,10.440,1.900,25.900,0.020,21.500,33.707,2.890
07/29/2011,9.400,1.910,36.300,0.020,26.500,34.053,2.330
04/20/2013,9.130,1.910,37.300,0.010,21.800,34.035,2.160
06/29/2000,9.880,1.920,52.000,0.000,24.700,33.940,2.760
07/06/2000,9.700,1.920,62.000,0.000,23.800,34.090,2.410
07/09/2002,9.470,1.920,24.100,0.030,21.600,33.527,3.560
01/05/2005,11.080,1.920,22.800,0.030,21.000,33.661,2.770
01/20/2011,9.460,1.920,32.900,0.030,26.200,33.839,2.400
03/29/2017,11.180,1.920,30.000,0.060,20.300,34.052,1.870
04/15/2006,8.680,1.930,34.800,0.000,25.300,33.514,3.040
08/24/2008,8.580,1.930,35.000,0.000,27.800,33.970,2.940
03/15/2009,8.580,1.930,35.000,0.000,28.200,33.940,3.040
11/13/2009,9.430,1.930,29.000,0.000,24.200,34.030,2.800
10/28/2001,10.820,1.940,18.400,0.260,16.800,33.710,4.130
05/02/2010,8.730,1.940,34.100,0.000,26.100,33.904,3.210
11/15/2016,9.750,1.940,35.500,0.060,24.600,33.545,2.260
01/09/2008,9.160,1.950,32.800,0.000,27.000,33.695,2.730
01/20/2008,9.560,1.950,29.400,0.080,26.500,33.651,2.770
11/01/2012,9.610,1.950,34.600,0.080,27.900,34.036,2.270
04/07/2018,14.380,1.950,23.200,0.080,23.200,34.103,1.700
08/28/2008,7.830,1.960,43.000,0.000,29.600,33.970,3.090
01/20/2009,9.450,1.960,31.000,0.000,26.600,34.030,2.710
01/30/2014,8.490,1.960,40.500,0.010,26.000,33.863,3.000
01/08/2004,11.840,1.970,23.200,0.770,18.000,33.793,2.910
07/18/2006,8.500,1.970,35.700,0.000,28.000,33.636,3.250
03/30/2012,9.510,1.980,35.700,0.000,31.300,33.973,2.210
10/27/2012,9.150,1.980,34.800,0.020,26.500,33.536,2.610
01/29/2015,10.490,1.980,30.000,0.020,22.600,33.946,2.410
03/30/2002,10.480,1.990,23.500,0.040,22.000,33.531,2.950
02/07/2006,11.480,1.990,25.900,0.020,23.200,33.561,2.040
04/08/2006,9.360,1.990,30.600,0.140,24.000,33.677,3.390
04/04/2008,9.280,1.990,36.000,0.000,27.700,34.030,2.400
10/26/2008,9.370,1.990,33.000,0.000,26.700,34.010,2.690
01/20/2001,9.110,2.000,54.000,0.000,29.700,33.960,3.220
04/08/2001,8.830,2.000,62.000,0.000,30.500,34.030,3.040
04/17/2005,10.850,2.000,25.000,0.020,21.300,33.770,2.620
07/07/2005,12.510,2.000,29.800,0.060,21.300,34.245,1.860
07/14/2005,14.620,2.000,19.500,0.100,18.100,34.114,2.110
10/21/2011,9.350,2.000,34.000,0.000,27.700,33.950,2.250
06/17/2018,11.230,2.000,29.800,0.070,24.900,33.805,1.800
07/16/2019,9.880,2.000,26.400,0.100,21.100,33.749,3.500
07/26/2004,10.300,2.010,24.500,0.010,21.900,33.586,3.140
04/08/2006,8.770,2.010,33.400,0.060,25.400,33.704,3.070
10/16/2008,8.850,2.010,36.000,0.000,28.600,34.040,2.670
05/01/2010,8.400,2.010,38.800,0.000,28.300,33.922,2.760
01/21/2011,9.420,2.010,34.300,0.010,27.200,33.909,2.310
07/19/2012,9.560,2.010,33.700,0.000,29.200,33.938,2.400
04/23/2011,8.510,2.020,39.600,0.010,33.300,34.101,2.180
11/20/2002,9.160,2.030,27.400,0.010,23.500,33.452,3.460
01/28/2015,10.390,2.030,30.700,0.020,23.000,33.960,2.370
07/13/2015,10.750,2.030,30.600,0.010,19.600,34.071,2.030
11/10/2019,10.170,2.030,30.300,0.010,22.400,33.777,2.780
11/07/2005,12.230,2.040,23.900,0.000,20.800,33.684,2.080
04/09/2006,8.420,2.040,36.100,0.030,26.500,33.732,2.920
04/24/2007,8.160,2.040,42.000,0.000,29.700,34.022,2.930
07/12/2007,8.750,2.040,39.000,0.000,29.700,33.974,2.560
01/10/2008,8.830,2.040,36.800,0.000,28.700,33.737,2.600
10/21/2008,8.840,2.040,36.000,0.000,28.300,34.050,2.600
07/30/2011,9.250,2.040,37.400,0.030,27.200,34.064,2.190
10/29/2015,8.880,2.040,37.500,0.030,22.100,33.663,2.590
07/13/2005,14.580,2.050,20.000,0.090,18.800,34.129,1.990
04/09/2019,11.970,2.050,32.600,0.240,21.600,34.100,0.860
01/23/2000,9.100,2.060,58.000,0.000,27.600,34.000,2.710
02/04/2002,10.200,2.060,26.000,0.030,20.100,33.707,2.650
04/16/2006,8.430,2.060,38.100,0.000,26.300,33.579,2.810
07/15/2006,8.230,2.060,39.700,0.000,29.800,33.677,2.880
07/10/2007,8.690,2.060,39.600,0.000,29.900,33.985,2.500
01/22/2011,9.350,2.060,35.400,0.010,27.500,33.980,2.250
07/17/2012,9.200,2.060,37.700,0.000,31.200,34.014,2.000
07/20/2001,10.010,2.070,26.700,0.160,24.100,34.224,3.110
04/11/2002,9.730,2.070,27.200,0.030,22.100,33.825,3.010
04/13/2003,9.410,2.070,28.300,0.000,24.200,33.952,3.040
03/18/2009,8.040,2.070,42.000,0.000,30.000,34.010,2.820
11/14/2009,9.220,2.070,33.000,0.000,27.200,34.120,2.570
04/07/2018,12.940,2.070,27.200,0.040,24.500,34.093,1.410
07/07/2000,8.920,2.080,75.000,0.000,25.400,34.150,2.520
01/19/2011,8.960,2.080,39.800,0.050,28.100,34.115,2.070
04/21/2013,8.830,2.080,43.200,0.020,25.000,34.079,1.830
04/05/2019,12.710,2.080,30.600,0.030,23.000,33.984,0.850
04/01/2004,10.890,2.090,26.800,0.050,23.200,33.582,2.540
01/05/2005,10.600,2.090,27.600,0.020,23.200,33.698,2.520
11/01/2011,9.040,2.090,40.600,0.040,28.100,34.088,1.920
10/28/2012,8.990,2.090,38.100,0.010,27.700,33.576,2.370
04/07/2015,10.270,2.090,29.900,0.030,23.300,33.934,2.610
07/16/2002,9.070,2.100,29.900,0.020,24.800,33.533,3.330
04/14/2003,9.340,2.100,29.000,0.000,24.600,33.970,3.000
04/01/2006,9.730,2.100,23.000,0.130,20.600,33.790,3.540
04/03/2008,9.050,2.100,40.000,0.000,29.600,34.120,2.200
04/07/2008,8.580,2.100,39.900,0.000,29.800,33.780,2.480
01/16/2009,8.860,2.100,39.000,0.000,29.000,34.030,2.430
01/27/2015,10.220,2.100,31.800,0.020,23.600,33.982,2.310
07/12/2000,8.570,2.110,78.000,0.060,26.600,34.130,2.250
01/09/2001,9.130,2.110,50.000,0.000,24.400,33.950,3.520
04/09/2006,8.260,2.120,39.600,0.020,27.400,33.760,2.800
01/22/2008,9.270,2.120,34.700,0.030,29.100,33.675,2.380
04/30/2010,7.600,2.130,47.400,0.000,30.700,33.961,2.190
04/21/2001,9.390,2.140,56.000,0.000,22.800,33.940,3.180
04/06/2002,10.590,2.140,25.400,0.040,21.800,33.828,2.790
04/25/2007,7.910,2.140,45.100,0.000,31.000,34.021,2.700
03/29/2012,9.420,2.140,38.800,0.000,32.500,34.027,1.870
11/10/2014,10.220,2.140,31.600,0.010,24.000,33.853,2.320
04/02/2006,9.120,2.150,34.000,0.190,26.000,33.865,2.820
07/08/2007,7.840,2.150,45.000,0.000,31.500,34.016,2.370
07/09/2007,7.930,2.150,44.400,0.000,31.300,34.018,2.340
07/11/2007,8.310,2.150,42.000,0.000,30.600,34.017,2.260
03/30/2008,8.950,2.150,41.000,0.000,30.200,34.150,2.150
10/27/2008,9.210,2.150,37.000,0.000,27.900,34.100,2.360
01/08/2009,8.690,2.150,41.000,0.000,29.700,34.090,2.420
01/19/2009,9.090,2.150,37.000,0.000,29.500,34.100,2.350
11/20/2009,9.480,2.150,33.000,0.000,26.900,34.020,2.700
04/07/2000,8.710,2.160,73.000,0.000,30.500,34.140,2.530
10/20/2000,9.410,2.160,64.000,0.000,28.000,34.150,2.420
04/23/2003,10.240,2.160,26.600,0.010,22.300,33.502,2.930
01/13/2010,8.480,2.160,43.000,0.000,28.700,33.910,3.270
10/23/2003,10.530,2.170,26.500,0.020,24.000,33.719,2.660
04/03/2006,9.110,2.170,34.500,0.190,26.000,33.868,2.790
11/10/2007,9.090,2.170,38.800,0.030,29.100,33.565,2.090
04/12/2002,9.350,2.180,30.500,0.020,23.400,33.927,2.890
07/10/2002,9.200,2.180,30.100,0.020,24.500,33.572,3.030
04/26/2005,10.960,2.180,26.200,0.040,23.400,33.762,2.230
01/18/2011,8.630,2.180,44.000,0.040,29.600,34.190,1.650
07/06/2005,12.500,2.190,35.000,0.060,22.900,34.252,1.530
04/17/2006,8.160,2.190,41.400,0.000,27.300,33.647,2.660
01/26/2015,9.750,2.190,34.700,0.010,24.800,34.029,2.390
06/23/2018,11.690,2.190,32.100,0.040,26.100,34.088,1.340
11/21/2002,8.320,2.200,36.500,0.000,26.700,33.556,2.980
07/19/2015,10.250,2.200,32.000,0.030,24.200,34.030,2.370
03/31/2002,10.070,2.210,28.300,0.010,24.300,33.588,2.590
01/19/2004,10.920,2.210,27.000,0.020,24.900,33.887,2.010
04/13/2007,7.750,2.210,47.000,0.000,31.800,34.021,2.560
10/14/2018,14.110,2.210,24.500,0.120,23.000,34.253,1.070
01/07/2000,11.000,2.230,53.000,0.000,25.300,33.895,2.110
01/15/2008,9.080,2.230,38.700,0.000,30.600,33.703,2.090
10/18/2018,14.800,2.230,23.500,0.090,23.000,34.209,1.350
04/13/2000,8.530,2.240,74.000,0.000,31.000,34.130,1.830
04/15/2001,10.440,2.240,62.000,0.000,25.900,34.250,1.980
01/13/2009,8.610,2.240,44.000,0.000,31.200,34.170,1.970
02/15/2003,10.160,2.250,31.000,0.140,25.600,34.045,2.240
11/15/2005,12.840,2.250,24.000,0.290,22.700,34.041,2.200
11/10/2009,8.740,2.260,40.000,0.010,29.500,34.060,2.240
10/15/2000,8.530,2.270,80.000,0.000,26.300,34.140,2.270
03/30/2017,10.180,2.270,40.000,0.150,22.000,34.266,1.320
04/12/2002,8.890,2.280,33.900,0.030,24.500,34.035,2.830
07/02/2002,8.870,2.280,34.000,0.030,24.500,34.039,2.830
07/24/2004,9.860,2.280,28.500,0.010,23.900,33.638,2.890
07/16/2006,7.950,2.280,45.800,0.000,32.900,33.762,2.120
07/20/2015,10.260,2.280,34.600,0.020,25.600,34.042,2.000
04/05/2019,12.450,2.280,36.000,0.120,23.500,33.991,0.410
01/09/2004,11.300,2.290,27.400,0.870,21.300,33.875,2.440
01/26/2002,9.790,2.310,27.500,0.020,24.100,33.608,3.140
02/05/2002,10.130,2.310,30.400,0.040,23.700,33.764,2.360
10/20/2011,9.120,2.310,44.300,0.010,33.200,34.040,2.010
06/15/2018,10.550,2.310,37.200,0.050,28.100,33.853,1.250
07/15/2019,9.550,2.310,34.500,0.010,23.900,33.914,2.380
04/18/2000,8.710,2.320,71.000,0.000,30.000,34.070,2.530
04/11/2001,10.120,2.320,63.000,0.000,32.200,34.250,2.110
04/02/2004,10.430,2.320,30.800,0.010,25.100,33.640,2.330
01/19/2005,9.700,2.320,33.400,0.030,26.800,34.143,2.240
10/22/2008,8.370,2.320,44.000,0.000,31.600,34.120,1.980
07/24/2003,10.750,2.340,33.100,0.020,26.200,34.159,2.120
10/24/2003,10.280,2.340,30.700,0.010,26.200,33.769,2.190
04/10/2006,7.840,2.340,45.800,0.010,29.100,33.821,2.250
06/30/2000,9.350,2.350,74.000,0.000,27.500,34.200,2.010
01/18/2005,9.680,2.350,34.000,0.030,27.100,34.161,2.200
03/29/2008,8.620,2.350,47.000,0.000,32.200,34.210,1.650
11/23/2009,9.160,2.350,37.000,0.000,29.000,34.120,2.200
02/01/2010,8.480,2.350,44.000,0.000,31.000,34.090,2.000
04/06/2002,10.320,2.360,30.200,0.020,24.000,33.980,2.330
10/15/2018,13.430,2.360,27.300,0.120,24.400,34.303,0.830
07/17/2002,8.520,2.370,37.700,0.010,27.300,33.636,2.660
11/16/2004,11.160,2.370,30.000,0.030,24.900,33.647,1.990
01/06/2005,10.370,2.370,31.900,0.010,25.300,33.736,2.140
02/06/2002,10.100,2.380,31.000,0.040,25.000,33.822,2.300
04/15/2003,8.790,2.380,35.600,0.000,26.600,34.069,2.690
04/23/2005,10.690,2.380,30.200,0.020,25.300,33.787,1.930
01/11/2004,10.930,2.390,30.800,0.250,24.800,33.970,2.140
11/11/2019,9.370,2.390,40.200,0.060,25.800,33.918,2.060
07/21/2001,9.750,2.400,31.600,0.140,26.800,34.213,2.580
10/29/2001,9.720,2.400,26.300,0.110,23.500,33.747,3.370
11/06/2009,8.010,2.400,48.000,0.020,32.200,34.080,1.980
07/21/2015,10.270,2.400,36.000,0.020,26.500,34.060,1.730
02/07/2002,10.040,2.420,31.400,0.030,25.400,33.880,2.230
04/17/2005,10.190,2.420,36.800,0.080,26.800,33.836,1.660
07/10/2002,8.320,2.430,39.300,0.020,27.400,33.672,2.700
04/02/2019,11.570,2.430,39.900,0.050,25.100,34.016,0.240
04/24/2005,10.190,2.440,33.800,0.030,26.200,33.814,1.870
04/01/2002,9.830,2.450,33.100,0.000,26.300,33.647,2.160
01/10/2004,11.150,2.450,29.000,0.890,22.600,33.910,2.140
04/10/2019,11.410,2.450,37.600,0.140,24.500,34.107,0.380
07/01/2000,8.870,2.460,85.000,0.000,30.500,34.230,1.720
07/25/2004,9.400,2.460,37.300,0.010,27.500,33.752,2.090
04/04/2006,8.930,2.460,42.000,0.250,26.700,33.920,2.230
01/09/2009,8.290,2.480,48.000,0.010,33.000,34.160,1.890
04/07/2002,9.950,2.490,34.300,0.010,25.800,34.161,2.040
04/07/2002,10.040,2.490,34.000,0.010,25.700,34.160,2.020
04/03/2003,10.490,2.500,35.600,0.230,27.300,34.226,1.370
01/21/2008,8.870,2.500,43.900,0.000,33.100,33.772,1.610
02/20/2006,12.020,2.510,30.400,0.030,25.900,33.718,1.290
04/04/2003,10.540,2.520,36.000,0.240,27.400,34.250,1.280
01/13/2004,10.710,2.520,34.100,0.050,26.700,34.148,1.790
07/05/2005,12.690,2.530,36.900,0.050,26.500,34.279,0.820
01/12/2004,10.790,2.540,33.700,0.110,26.200,34.059,1.850
06/22/2018,11.480,2.540,39.600,0.050,28.200,34.090,0.420
01/27/2002,9.500,2.550,31.400,0.010,25.600,33.664,2.820
04/19/2000,8.340,2.560,86.000,0.000,32.400,34.140,1.810
04/03/2004,10.200,2.590,36.600,0.090,27.700,33.765,1.630
01/30/2010,7.960,2.590,51.000,0.000,34.100,34.140,1.600
04/24/2003,10.150,2.610,35.500,0.000,26.800,33.677,1.900
01/14/2004,10.460,2.610,36.000,0.050,27.900,34.248,1.570
01/15/2004,10.280,2.610,38.600,0.040,28.200,34.287,1.430
01/16/2004,10.260,2.610,39.000,0.040,28.200,34.292,1.410
11/14/2004,11.100,2.620,33.900,0.020,27.800,33.696,1.490
10/30/2001,9.470,2.640,30.800,0.040,25.700,33.811,2.860
07/22/2001,9.390,2.650,34.600,0.130,28.100,34.115,2.370
10/25/2003,9.600,2.650,38.700,0.000,29.200,33.876,1.680
01/20/2004,10.820,2.660,36.000,0.020,27.200,34.090,1.280
10/18/2011,8.890,2.670,58.000,0.010,38.300,34.170,1.450
07/23/2001,9.330,2.680,35.000,0.130,28.200,34.092,2.360
07/24/2001,8.880,2.680,39.800,0.120,29.300,34.042,2.090
01/13/2005,13.040,2.680,32.000,0.070,25.100,34.205,0.960
10/16/2011,8.910,2.680,57.800,0.030,38.500,34.166,1.470
07/03/2002,8.400,2.690,43.800,0.010,25.400,34.112,2.010
02/19/2006,11.930,2.690,34.100,0.010,27.800,33.755,0.820
10/17/2011,9.000,2.700,57.000,0.090,39.300,34.150,1.540
10/31/2001,9.300,2.710,33.800,0.030,27.000,33.902,2.590
11/01/2001,9.020,2.730,36.600,0.030,28.200,34.021,2.410
11/02/2001,8.970,2.730,37.000,0.030,28.400,34.043,2.390
05/01/2005,9.750,2.740,41.300,0.010,28.500,33.877,1.280
02/18/2006,11.080,2.760,36.000,0.010,27.600,33.793,0.960
04/02/2002,9.380,2.770,40.300,0.000,28.900,33.770,1.500
11/13/2004,10.820,2.790,37.800,0.020,28.800,33.803,1.170
01/28/2002,9.210,2.800,34.500,0.010,26.400,33.720,2.580
02/16/2006,10.530,2.810,40.300,0.010,27.000,33.874,0.630
01/29/2002,8.610,2.870,40.600,0.010,28.400,33.835,2.300
07/04/2005,12.500,2.880,38.500,0.040,28.000,34.321,0.360
01/08/2000,11.210,2.910,73.300,0.000,28.300,34.022,0.280
04/05/2003,10.650,2.950,38.800,0.040,28.700,34.267,0.830
11/03/2001,8.450,3.010,44.500,0.020,31.000,34.091,1.830
11/14/2005,12.310,3.020,34.600,0.010,29.900,34.208,1.320
11/21/2005,11.820,3.140,37.700,0.000,30.300,34.367,1.010
11/11/2005,11.550,3.220,39.500,0.000,29.000,34.649,0.190
11/12/2005,11.510,3.260,40.000,0.000,29.200,34.669,0.170
01/30/2002,8.190,3.320,46.900,0.010,30.800,33.954,1.830
